<?xml version="1.0" encoding="UTF-8"?><idempiere Name="WS_WebServiceType" Version="1.0.0" idempiereVersion="7.1.0.202008101346" DataBaseVersion="2019-11-22" Description="" Author="SuperUser" AuthorEmail="superuser @ idempiere.com" CreatedDate="Thu Feb 04 14:33:30 CET 2021" UpdatedDate="Thu Feb 04 14:33:30 CET 2021" PackOutVersion="100" UpdateDictionary="true" Client="1000006-iDempiere Consulting-iDempiere Consulting" AD_Client_UU="4430daae-cb4a-4bbd-92c0-ebb45040cb5e">
    <WS_WebServiceType type="table">
        <AD_Org_ID>0</AD_Org_ID>
        <Description>Mobile</Description>
        <Help/>
        <IsActive>Y</IsActive>
        <Name>getSuppliers</Name>
        <Value>getSuppliers</Value>
        <WS_WebService_ID reference="uuid" reference-key="WS_WebService">564e6244-c006-4018-9d7f-ca1ac184de26</WS_WebService_ID>
        <WS_WebServiceMethod_ID reference="uuid" reference-key="WS_WebServiceMethod">04f3abe9-994e-4c20-9674-c2b96aff5240</WS_WebServiceMethod_ID>
        <AD_Table_ID reference="uuid" reference-key="AD_Table">1ced3bb7-4af9-44a0-b3c2-23ad14d9923b</AD_Table_ID>
        <WS_WebServiceType_UU>ee377cce-3163-4853-96c7-9c95f8557a22</WS_WebServiceType_UU>
        <InsertParameters>N</InsertParameters>
        <AD_Tab_ID reference="id"/>
        <WS_WebServiceFieldOutput type="table">
            <AD_Org_ID>0</AD_Org_ID>
            <AD_Column_ID reference="uuid" reference-key="AD_Column">928782b2-fcac-4431-aaba-08864ae7aeb4</AD_Column_ID>
            <IsActive>Y</IsActive>
            <WS_WebServiceType_ID reference="uuid" reference-key="WS_WebServiceType">ee377cce-3163-4853-96c7-9c95f8557a22</WS_WebServiceType_ID>
            <WS_WebServiceFieldOutput_UU>24150acc-1422-4fff-8553-88eae4f70a39</WS_WebServiceFieldOutput_UU>
        </WS_WebServiceFieldOutput>
        <WS_WebServiceFieldOutput type="table">
            <AD_Org_ID>0</AD_Org_ID>
            <AD_Column_ID reference="uuid" reference-key="AD_Column">b0cdc534-16a9-45ed-9f62-1c74170afc1b</AD_Column_ID>
            <IsActive>Y</IsActive>
            <WS_WebServiceType_ID reference="uuid" reference-key="WS_WebServiceType">ee377cce-3163-4853-96c7-9c95f8557a22</WS_WebServiceType_ID>
            <WS_WebServiceFieldOutput_UU>0f166c9e-1a65-4479-b5ac-de76ac50697f</WS_WebServiceFieldOutput_UU>
        </WS_WebServiceFieldOutput>
        <WS_WebServiceFieldOutput type="table">
            <AD_Org_ID>0</AD_Org_ID>
            <AD_Column_ID reference="uuid" reference-key="AD_Column">659454c4-41d6-456b-a225-d3757da37792</AD_Column_ID>
            <IsActive>Y</IsActive>
            <WS_WebServiceType_ID reference="uuid" reference-key="WS_WebServiceType">ee377cce-3163-4853-96c7-9c95f8557a22</WS_WebServiceType_ID>
            <WS_WebServiceFieldOutput_UU>c825b8cc-d2ce-4927-a1dd-bdc571977dcb</WS_WebServiceFieldOutput_UU>
        </WS_WebServiceFieldOutput>
        <WS_WebServiceFieldOutput type="table">
            <AD_Org_ID>0</AD_Org_ID>
            <AD_Column_ID reference="uuid" reference-key="AD_Column">7399dada-6a79-468a-9a08-d3489dffca4a</AD_Column_ID>
            <IsActive>Y</IsActive>
            <WS_WebServiceType_ID reference="uuid" reference-key="WS_WebServiceType">ee377cce-3163-4853-96c7-9c95f8557a22</WS_WebServiceType_ID>
            <WS_WebServiceFieldOutput_UU>96ae88f6-851e-4502-ac10-0b21d9154f5f</WS_WebServiceFieldOutput_UU>
        </WS_WebServiceFieldOutput>
        <WS_WebServiceFieldOutput type="table">
            <AD_Org_ID>0</AD_Org_ID>
            <AD_Column_ID reference="uuid" reference-key="AD_Column">05d51697-f731-402d-9a43-e4854ae321f8</AD_Column_ID>
            <IsActive>Y</IsActive>
            <WS_WebServiceType_ID reference="uuid" reference-key="WS_WebServiceType">ee377cce-3163-4853-96c7-9c95f8557a22</WS_WebServiceType_ID>
            <WS_WebServiceFieldOutput_UU>909f2b75-7d69-42d8-b43c-069b9c70af7d</WS_WebServiceFieldOutput_UU>
        </WS_WebServiceFieldOutput>
        <WS_WebServiceFieldOutput type="table">
            <AD_Org_ID>0</AD_Org_ID>
            <AD_Column_ID reference="uuid" reference-key="AD_Column">c66f96cc-5ccd-4ee5-a68a-fb6005b4f9b7</AD_Column_ID>
            <IsActive>Y</IsActive>
            <WS_WebServiceType_ID reference="uuid" reference-key="WS_WebServiceType">ee377cce-3163-4853-96c7-9c95f8557a22</WS_WebServiceType_ID>
            <WS_WebServiceFieldOutput_UU>eff22215-4d51-4125-bc26-53d310061750</WS_WebServiceFieldOutput_UU>
        </WS_WebServiceFieldOutput>
        <WS_WebServiceFieldOutput type="table">
            <AD_Org_ID>0</AD_Org_ID>
            <AD_Column_ID reference="uuid" reference-key="AD_Column">3de3a334-c8e9-4881-a1db-98d06f095ae6</AD_Column_ID>
            <IsActive>Y</IsActive>
            <WS_WebServiceType_ID reference="uuid" reference-key="WS_WebServiceType">ee377cce-3163-4853-96c7-9c95f8557a22</WS_WebServiceType_ID>
            <WS_WebServiceFieldOutput_UU>8a54ebe4-9c21-41f0-a683-8499d3486e09</WS_WebServiceFieldOutput_UU>
        </WS_WebServiceFieldOutput>
    </WS_WebServiceType>
    <WS_WebServiceType type="table">
        <AD_Org_ID>0</AD_Org_ID>
        <Description>Mobile</Description>
        <Help/>
        <IsActive>Y</IsActive>
        <Name>getProductCategories</Name>
        <Value>getProductCategories</Value>
        <WS_WebService_ID reference="uuid" reference-key="WS_WebService">564e6244-c006-4018-9d7f-ca1ac184de26</WS_WebService_ID>
        <WS_WebServiceMethod_ID reference="uuid" reference-key="WS_WebServiceMethod">04f3abe9-994e-4c20-9674-c2b96aff5240</WS_WebServiceMethod_ID>
        <AD_Table_ID reference="id">209</AD_Table_ID>
        <WS_WebServiceType_UU>53190c0b-d8a0-4629-a429-d61496157f00</WS_WebServiceType_UU>
        <InsertParameters>N</InsertParameters>
        <AD_Tab_ID reference="id"/>
        <WS_WebServiceFieldInput type="table">
            <AD_Org_ID>0</AD_Org_ID>
            <WS_WebServiceType_ID reference="uuid" reference-key="WS_WebServiceType">53190c0b-d8a0-4629-a429-d61496157f00</WS_WebServiceType_ID>
            <IsActive>Y</IsActive>
            <AD_Column_ID reference="id">2020</AD_Column_ID>
            <AD_Reference_ID reference="id"/>
            <ColumnName/>
            <IdentifierLogic/>
            <IsIdentifier>N</IsIdentifier>
            <IsNullIdentifier>N</IsNullIdentifier>
            <WS_WebServiceFieldInput_UU>1caab66e-166e-4539-bb81-b176f8fa9fa9</WS_WebServiceFieldInput_UU>
            <AD_Reference_Value_ID reference="id"/>
        </WS_WebServiceFieldInput>
        <WS_WebServiceFieldOutput type="table">
            <AD_Org_ID>0</AD_Org_ID>
            <AD_Column_ID reference="id">5110</AD_Column_ID>
            <IsActive>Y</IsActive>
            <WS_WebServiceType_ID reference="uuid" reference-key="WS_WebServiceType">53190c0b-d8a0-4629-a429-d61496157f00</WS_WebServiceType_ID>
            <WS_WebServiceFieldOutput_UU>3571d771-b0bd-49dd-95eb-5424e5eb77a0</WS_WebServiceFieldOutput_UU>
        </WS_WebServiceFieldOutput>
        <WS_WebServiceFieldOutput type="table">
            <AD_Org_ID>0</AD_Org_ID>
            <AD_Column_ID reference="id">1776</AD_Column_ID>
            <IsActive>Y</IsActive>
            <WS_WebServiceType_ID reference="uuid" reference-key="WS_WebServiceType">53190c0b-d8a0-4629-a429-d61496157f00</WS_WebServiceType_ID>
            <WS_WebServiceFieldOutput_UU>d10f7c63-9f17-44ff-be5e-d377631dd9d6</WS_WebServiceFieldOutput_UU>
        </WS_WebServiceFieldOutput>
        <WS_WebServiceFieldOutput type="table">
            <AD_Org_ID>0</AD_Org_ID>
            <AD_Column_ID reference="id">1777</AD_Column_ID>
            <IsActive>Y</IsActive>
            <WS_WebServiceType_ID reference="uuid" reference-key="WS_WebServiceType">53190c0b-d8a0-4629-a429-d61496157f00</WS_WebServiceType_ID>
            <WS_WebServiceFieldOutput_UU>48485f28-6bca-4166-8045-b308d96aac7a</WS_WebServiceFieldOutput_UU>
        </WS_WebServiceFieldOutput>
    </WS_WebServiceType>
    <WS_WebServiceType type="table">
        <AD_Org_ID>0</AD_Org_ID>
        <Description>Mobile</Description>
        <Help/>
        <IsActive>Y</IsActive>
        <Name>postTask</Name>
        <Value>postTask</Value>
        <WS_WebService_ID reference="uuid" reference-key="WS_WebService">564e6244-c006-4018-9d7f-ca1ac184de26</WS_WebService_ID>
        <WS_WebServiceMethod_ID reference="uuid" reference-key="WS_WebServiceMethod">9843a153-d348-4d17-aa57-ed82cc56ba49</WS_WebServiceMethod_ID>
        <AD_Table_ID reference="id">53354</AD_Table_ID>
        <WS_WebServiceType_UU>11d34d16-38ca-4598-8e94-7eae472d979a</WS_WebServiceType_UU>
        <InsertParameters>N</InsertParameters>
        <AD_Tab_ID reference="uuid" reference-key="AD_Tab">584d5f25-1a99-49b4-9633-7a2034464a03</AD_Tab_ID>
        <WS_WebServiceFieldInput type="table">
            <AD_Org_ID>0</AD_Org_ID>
            <WS_WebServiceType_ID reference="uuid" reference-key="WS_WebServiceType">11d34d16-38ca-4598-8e94-7eae472d979a</WS_WebServiceType_ID>
            <IsActive>Y</IsActive>
            <AD_Column_ID reference="id">62468</AD_Column_ID>
            <AD_Reference_ID reference="id"/>
            <ColumnName/>
            <IdentifierLogic/>
            <IsIdentifier>N</IsIdentifier>
            <IsNullIdentifier>N</IsNullIdentifier>
            <WS_WebServiceFieldInput_UU>661f277a-eca9-4fab-8af6-a968e8687dba</WS_WebServiceFieldInput_UU>
            <AD_Reference_Value_ID reference="id"/>
        </WS_WebServiceFieldInput>
        <WS_WebServiceFieldInput type="table">
            <AD_Org_ID>0</AD_Org_ID>
            <WS_WebServiceType_ID reference="uuid" reference-key="WS_WebServiceType">11d34d16-38ca-4598-8e94-7eae472d979a</WS_WebServiceType_ID>
            <IsActive>Y</IsActive>
            <AD_Column_ID reference="id">62467</AD_Column_ID>
            <AD_Reference_ID reference="id"/>
            <ColumnName/>
            <IdentifierLogic/>
            <IsIdentifier>N</IsIdentifier>
            <IsNullIdentifier>N</IsNullIdentifier>
            <WS_WebServiceFieldInput_UU>309b7525-3ab1-41f0-babf-dfb9996636f9</WS_WebServiceFieldInput_UU>
            <AD_Reference_Value_ID reference="id"/>
        </WS_WebServiceFieldInput>
        <WS_WebServiceFieldInput type="table">
            <AD_Org_ID>0</AD_Org_ID>
            <WS_WebServiceType_ID reference="uuid" reference-key="WS_WebServiceType">11d34d16-38ca-4598-8e94-7eae472d979a</WS_WebServiceType_ID>
            <IsActive>Y</IsActive>
            <AD_Column_ID reference="id">62466</AD_Column_ID>
            <AD_Reference_ID reference="id"/>
            <ColumnName/>
            <IdentifierLogic/>
            <IsIdentifier>N</IsIdentifier>
            <IsNullIdentifier>N</IsNullIdentifier>
            <WS_WebServiceFieldInput_UU>ea0a279f-12cb-4813-926f-cbd90e5f8561</WS_WebServiceFieldInput_UU>
            <AD_Reference_Value_ID reference="id"/>
        </WS_WebServiceFieldInput>
        <WS_WebServiceFieldInput type="table">
            <AD_Org_ID>0</AD_Org_ID>
            <WS_WebServiceType_ID reference="uuid" reference-key="WS_WebServiceType">11d34d16-38ca-4598-8e94-7eae472d979a</WS_WebServiceType_ID>
            <IsActive>Y</IsActive>
            <AD_Column_ID reference="id">62460</AD_Column_ID>
            <AD_Reference_ID reference="id"/>
            <ColumnName/>
            <IdentifierLogic/>
            <IsIdentifier>N</IsIdentifier>
            <IsNullIdentifier>N</IsNullIdentifier>
            <WS_WebServiceFieldInput_UU>142ab87a-8976-4798-a257-2629a068d7f6</WS_WebServiceFieldInput_UU>
            <AD_Reference_Value_ID reference="id"/>
        </WS_WebServiceFieldInput>
        <WS_WebServiceFieldInput type="table">
            <AD_Org_ID>0</AD_Org_ID>
            <WS_WebServiceType_ID reference="uuid" reference-key="WS_WebServiceType">11d34d16-38ca-4598-8e94-7eae472d979a</WS_WebServiceType_ID>
            <IsActive>Y</IsActive>
            <AD_Column_ID reference="uuid" reference-key="AD_Column">7fd7f5bf-4e38-4489-9e77-7051cbd9784c</AD_Column_ID>
            <AD_Reference_ID reference="id"/>
            <ColumnName/>
            <IdentifierLogic/>
            <IsIdentifier>N</IsIdentifier>
            <IsNullIdentifier>N</IsNullIdentifier>
            <WS_WebServiceFieldInput_UU>458baf84-7b46-48e5-804a-188209fc0bf0</WS_WebServiceFieldInput_UU>
            <AD_Reference_Value_ID reference="id"/>
        </WS_WebServiceFieldInput>
        <WS_WebServiceFieldInput type="table">
            <AD_Org_ID>0</AD_Org_ID>
            <WS_WebServiceType_ID reference="uuid" reference-key="WS_WebServiceType">11d34d16-38ca-4598-8e94-7eae472d979a</WS_WebServiceType_ID>
            <IsActive>Y</IsActive>
            <AD_Column_ID reference="uuid" reference-key="AD_Column">dfd72ab4-4db3-40d2-b387-01d3a32029bd</AD_Column_ID>
            <AD_Reference_ID reference="id"/>
            <ColumnName/>
            <IdentifierLogic/>
            <IsIdentifier>N</IsIdentifier>
            <IsNullIdentifier>N</IsNullIdentifier>
            <WS_WebServiceFieldInput_UU>8fd88b05-a74f-4614-90db-c82a631a139f</WS_WebServiceFieldInput_UU>
            <AD_Reference_Value_ID reference="id"/>
        </WS_WebServiceFieldInput>
        <WS_WebServiceFieldInput type="table">
            <AD_Org_ID>0</AD_Org_ID>
            <WS_WebServiceType_ID reference="uuid" reference-key="WS_WebServiceType">11d34d16-38ca-4598-8e94-7eae472d979a</WS_WebServiceType_ID>
            <IsActive>Y</IsActive>
            <AD_Column_ID reference="id">62469</AD_Column_ID>
            <AD_Reference_ID reference="id"/>
            <ColumnName/>
            <IdentifierLogic/>
            <IsIdentifier>N</IsIdentifier>
            <IsNullIdentifier>N</IsNullIdentifier>
            <WS_WebServiceFieldInput_UU>3830b907-f138-4811-be82-c2a65f0941e2</WS_WebServiceFieldInput_UU>
            <AD_Reference_Value_ID reference="id"/>
        </WS_WebServiceFieldInput>
        <WS_WebServiceFieldInput type="table">
            <AD_Org_ID>0</AD_Org_ID>
            <WS_WebServiceType_ID reference="uuid" reference-key="WS_WebServiceType">11d34d16-38ca-4598-8e94-7eae472d979a</WS_WebServiceType_ID>
            <IsActive>Y</IsActive>
            <AD_Column_ID reference="uuid" reference-key="AD_Column">2e931f6b-ab98-4453-bd17-966964d4ddc9</AD_Column_ID>
            <AD_Reference_ID reference="id"/>
            <ColumnName/>
            <IdentifierLogic/>
            <IsIdentifier>N</IsIdentifier>
            <IsNullIdentifier>N</IsNullIdentifier>
            <WS_WebServiceFieldInput_UU>ff5f851b-91e0-47fd-8a2d-80ae058a0b64</WS_WebServiceFieldInput_UU>
            <AD_Reference_Value_ID reference="id"/>
        </WS_WebServiceFieldInput>
    </WS_WebServiceType>
    <WS_WebServiceType type="table">
        <AD_Org_ID>0</AD_Org_ID>
        <Description>Mobile</Description>
        <Help/>
        <IsActive>Y</IsActive>
        <Name>putLead</Name>
        <Value>putLead</Value>
        <WS_WebService_ID reference="uuid" reference-key="WS_WebService">564e6244-c006-4018-9d7f-ca1ac184de26</WS_WebService_ID>
        <WS_WebServiceMethod_ID reference="uuid" reference-key="WS_WebServiceMethod">db5d1417-be81-47a7-a096-2812733cedaa</WS_WebServiceMethod_ID>
        <AD_Table_ID reference="id">114</AD_Table_ID>
        <WS_WebServiceType_UU>1217f18e-2b22-452b-a5b3-87a097537aa8</WS_WebServiceType_UU>
        <InsertParameters>N</InsertParameters>
        <AD_Tab_ID reference="id">53429</AD_Tab_ID>
        <WS_WebServiceFieldInput type="table">
            <AD_Org_ID>0</AD_Org_ID>
            <WS_WebServiceType_ID reference="uuid" reference-key="WS_WebServiceType">1217f18e-2b22-452b-a5b3-87a097537aa8</WS_WebServiceType_ID>
            <IsActive>Y</IsActive>
            <AD_Column_ID reference="id">212</AD_Column_ID>
            <AD_Reference_ID reference="id"/>
            <ColumnName/>
            <IdentifierLogic/>
            <IsIdentifier>N</IsIdentifier>
            <IsNullIdentifier>N</IsNullIdentifier>
            <WS_WebServiceFieldInput_UU>c75be0d6-4c0d-439b-985a-3544db3a2c81</WS_WebServiceFieldInput_UU>
            <AD_Reference_Value_ID reference="id"/>
        </WS_WebServiceFieldInput>
        <WS_WebServiceFieldInput type="table">
            <AD_Org_ID>0</AD_Org_ID>
            <WS_WebServiceType_ID reference="uuid" reference-key="WS_WebServiceType">1217f18e-2b22-452b-a5b3-87a097537aa8</WS_WebServiceType_ID>
            <IsActive>Y</IsActive>
            <AD_Column_ID reference="id">213</AD_Column_ID>
            <AD_Reference_ID reference="id"/>
            <ColumnName/>
            <IdentifierLogic/>
            <IsIdentifier>N</IsIdentifier>
            <IsNullIdentifier>N</IsNullIdentifier>
            <WS_WebServiceFieldInput_UU>a946fb63-e679-4b35-a945-524a28b87e3a</WS_WebServiceFieldInput_UU>
            <AD_Reference_Value_ID reference="id"/>
        </WS_WebServiceFieldInput>
        <WS_WebServiceFieldInput type="table">
            <AD_Org_ID>0</AD_Org_ID>
            <WS_WebServiceType_ID reference="uuid" reference-key="WS_WebServiceType">1217f18e-2b22-452b-a5b3-87a097537aa8</WS_WebServiceType_ID>
            <IsActive>Y</IsActive>
            <AD_Column_ID reference="id">5396</AD_Column_ID>
            <AD_Reference_ID reference="id"/>
            <ColumnName/>
            <IdentifierLogic/>
            <IsIdentifier>N</IsIdentifier>
            <IsNullIdentifier>N</IsNullIdentifier>
            <WS_WebServiceFieldInput_UU>2a78f28e-db6d-4ead-879c-6d35580b621a</WS_WebServiceFieldInput_UU>
            <AD_Reference_Value_ID reference="id"/>
        </WS_WebServiceFieldInput>
        <WS_WebServiceFieldInput type="table">
            <AD_Org_ID>0</AD_Org_ID>
            <WS_WebServiceType_ID reference="uuid" reference-key="WS_WebServiceType">1217f18e-2b22-452b-a5b3-87a097537aa8</WS_WebServiceType_ID>
            <IsActive>Y</IsActive>
            <AD_Column_ID reference="id">8747</AD_Column_ID>
            <AD_Reference_ID reference="id"/>
            <ColumnName/>
            <IdentifierLogic/>
            <IsIdentifier>N</IsIdentifier>
            <IsNullIdentifier>N</IsNullIdentifier>
            <WS_WebServiceFieldInput_UU>a0fa3d10-6ae4-4df7-a835-f0ab2de81718</WS_WebServiceFieldInput_UU>
            <AD_Reference_Value_ID reference="id"/>
        </WS_WebServiceFieldInput>
        <WS_WebServiceFieldInput type="table">
            <AD_Org_ID>0</AD_Org_ID>
            <WS_WebServiceType_ID reference="uuid" reference-key="WS_WebServiceType">1217f18e-2b22-452b-a5b3-87a097537aa8</WS_WebServiceType_ID>
            <IsActive>Y</IsActive>
            <AD_Column_ID reference="id">62127</AD_Column_ID>
            <AD_Reference_ID reference="id"/>
            <ColumnName/>
            <IdentifierLogic/>
            <IsIdentifier>N</IsIdentifier>
            <IsNullIdentifier>N</IsNullIdentifier>
            <WS_WebServiceFieldInput_UU>b1248ae6-4f7a-4712-be56-f399cc65835b</WS_WebServiceFieldInput_UU>
            <AD_Reference_Value_ID reference="id"/>
        </WS_WebServiceFieldInput>
        <WS_WebServiceFieldInput type="table">
            <AD_Org_ID>0</AD_Org_ID>
            <WS_WebServiceType_ID reference="uuid" reference-key="WS_WebServiceType">1217f18e-2b22-452b-a5b3-87a097537aa8</WS_WebServiceType_ID>
            <IsActive>Y</IsActive>
            <AD_Column_ID reference="id">62124</AD_Column_ID>
            <AD_Reference_ID reference="id"/>
            <ColumnName/>
            <IdentifierLogic/>
            <IsIdentifier>N</IsIdentifier>
            <IsNullIdentifier>N</IsNullIdentifier>
            <WS_WebServiceFieldInput_UU>bb92a001-a734-43dc-95f8-47da6c66a417</WS_WebServiceFieldInput_UU>
            <AD_Reference_Value_ID reference="id"/>
        </WS_WebServiceFieldInput>
    </WS_WebServiceType>
    <WS_WebServiceType type="table">
        <AD_Org_ID>0</AD_Org_ID>
        <Description>Mobile</Description>
        <Help/>
        <IsActive>Y</IsActive>
        <Name>getLogs</Name>
        <Value>getLogs</Value>
        <WS_WebService_ID reference="uuid" reference-key="WS_WebService">564e6244-c006-4018-9d7f-ca1ac184de26</WS_WebService_ID>
        <WS_WebServiceMethod_ID reference="uuid" reference-key="WS_WebServiceMethod">04f3abe9-994e-4c20-9674-c2b96aff5240</WS_WebServiceMethod_ID>
        <AD_Table_ID reference="id">53354</AD_Table_ID>
        <WS_WebServiceType_UU>608ebf9c-73a0-4d92-9788-1fa1bf2d3e7e</WS_WebServiceType_UU>
        <InsertParameters>N</InsertParameters>
        <AD_Tab_ID reference="uuid" reference-key="AD_Tab">584d5f25-1a99-49b4-9633-7a2034464a03</AD_Tab_ID>
        <WS_WebService_Para type="table">
            <AD_Org_ID>0</AD_Org_ID>
            <WS_WebServiceType_ID reference="uuid" reference-key="WS_WebServiceType">608ebf9c-73a0-4d92-9788-1fa1bf2d3e7e</WS_WebServiceType_ID>
            <IsActive>Y</IsActive>
            <ParameterName>Filter</ParameterName>
            <ParameterType>C</ParameterType>
            <ConstantValue>Description = 'LOG'</ConstantValue>
            <WS_WebService_Para_UU>9a737b16-0cbc-4ae1-8d10-e3a8697cbe79</WS_WebService_Para_UU>
        </WS_WebService_Para>
        <WS_WebServiceFieldInput type="table">
            <AD_Org_ID>0</AD_Org_ID>
            <WS_WebServiceType_ID reference="uuid" reference-key="WS_WebServiceType">608ebf9c-73a0-4d92-9788-1fa1bf2d3e7e</WS_WebServiceType_ID>
            <IsActive>Y</IsActive>
            <AD_Column_ID reference="id">62468</AD_Column_ID>
            <AD_Reference_ID reference="id"/>
            <ColumnName/>
            <IdentifierLogic/>
            <IsIdentifier>N</IsIdentifier>
            <IsNullIdentifier>N</IsNullIdentifier>
            <WS_WebServiceFieldInput_UU>a2695ab1-30ca-41ab-8422-1731c6734d93</WS_WebServiceFieldInput_UU>
            <AD_Reference_Value_ID reference="id"/>
        </WS_WebServiceFieldInput>
        <WS_WebServiceFieldOutput type="table">
            <AD_Org_ID>0</AD_Org_ID>
            <AD_Column_ID reference="id">62466</AD_Column_ID>
            <IsActive>Y</IsActive>
            <WS_WebServiceType_ID reference="uuid" reference-key="WS_WebServiceType">608ebf9c-73a0-4d92-9788-1fa1bf2d3e7e</WS_WebServiceType_ID>
            <WS_WebServiceFieldOutput_UU>c91d5a84-4c6d-462f-bb09-f75730be657f</WS_WebServiceFieldOutput_UU>
        </WS_WebServiceFieldOutput>
        <WS_WebServiceFieldOutput type="table">
            <AD_Org_ID>0</AD_Org_ID>
            <AD_Column_ID reference="id">62464</AD_Column_ID>
            <IsActive>Y</IsActive>
            <WS_WebServiceType_ID reference="uuid" reference-key="WS_WebServiceType">608ebf9c-73a0-4d92-9788-1fa1bf2d3e7e</WS_WebServiceType_ID>
            <WS_WebServiceFieldOutput_UU>0b03692f-06d2-4499-9ae9-deaaa62f14bc</WS_WebServiceFieldOutput_UU>
        </WS_WebServiceFieldOutput>
    </WS_WebServiceType>
    <WS_WebServiceType type="table">
        <AD_Org_ID>0</AD_Org_ID>
        <Description>Mobile</Description>
        <Help/>
        <IsActive>Y</IsActive>
        <Name>postLead</Name>
        <Value>postLead</Value>
        <WS_WebService_ID reference="uuid" reference-key="WS_WebService">564e6244-c006-4018-9d7f-ca1ac184de26</WS_WebService_ID>
        <WS_WebServiceMethod_ID reference="uuid" reference-key="WS_WebServiceMethod">9843a153-d348-4d17-aa57-ed82cc56ba49</WS_WebServiceMethod_ID>
        <AD_Table_ID reference="id">114</AD_Table_ID>
        <WS_WebServiceType_UU>1cee66e8-8820-4067-894f-d8bdf39af398</WS_WebServiceType_UU>
        <InsertParameters>N</InsertParameters>
        <AD_Tab_ID reference="id">53429</AD_Tab_ID>
        <WS_WebServiceFieldInput type="table">
            <AD_Org_ID>0</AD_Org_ID>
            <WS_WebServiceType_ID reference="uuid" reference-key="WS_WebServiceType">1cee66e8-8820-4067-894f-d8bdf39af398</WS_WebServiceType_ID>
            <IsActive>Y</IsActive>
            <AD_Column_ID reference="id">213</AD_Column_ID>
            <AD_Reference_ID reference="id"/>
            <ColumnName/>
            <IdentifierLogic/>
            <IsIdentifier>N</IsIdentifier>
            <IsNullIdentifier>N</IsNullIdentifier>
            <WS_WebServiceFieldInput_UU>865fc109-da06-4e3e-be50-4876112fba74</WS_WebServiceFieldInput_UU>
            <AD_Reference_Value_ID reference="id"/>
        </WS_WebServiceFieldInput>
        <WS_WebServiceFieldInput type="table">
            <AD_Org_ID>0</AD_Org_ID>
            <WS_WebServiceType_ID reference="uuid" reference-key="WS_WebServiceType">1cee66e8-8820-4067-894f-d8bdf39af398</WS_WebServiceType_ID>
            <IsActive>Y</IsActive>
            <AD_Column_ID reference="id">5396</AD_Column_ID>
            <AD_Reference_ID reference="id"/>
            <ColumnName/>
            <IdentifierLogic/>
            <IsIdentifier>N</IsIdentifier>
            <IsNullIdentifier>N</IsNullIdentifier>
            <WS_WebServiceFieldInput_UU>166b4436-1193-4597-ac2b-78d786c59b3d</WS_WebServiceFieldInput_UU>
            <AD_Reference_Value_ID reference="id"/>
        </WS_WebServiceFieldInput>
        <WS_WebServiceFieldInput type="table">
            <AD_Org_ID>0</AD_Org_ID>
            <WS_WebServiceType_ID reference="uuid" reference-key="WS_WebServiceType">1cee66e8-8820-4067-894f-d8bdf39af398</WS_WebServiceType_ID>
            <IsActive>Y</IsActive>
            <AD_Column_ID reference="id">8747</AD_Column_ID>
            <AD_Reference_ID reference="id"/>
            <ColumnName/>
            <IdentifierLogic/>
            <IsIdentifier>N</IsIdentifier>
            <IsNullIdentifier>N</IsNullIdentifier>
            <WS_WebServiceFieldInput_UU>b1379009-f67f-416d-a5bf-5014c9d0dbee</WS_WebServiceFieldInput_UU>
            <AD_Reference_Value_ID reference="id"/>
        </WS_WebServiceFieldInput>
        <WS_WebServiceFieldInput type="table">
            <AD_Org_ID>0</AD_Org_ID>
            <WS_WebServiceType_ID reference="uuid" reference-key="WS_WebServiceType">1cee66e8-8820-4067-894f-d8bdf39af398</WS_WebServiceType_ID>
            <IsActive>Y</IsActive>
            <AD_Column_ID reference="id">62127</AD_Column_ID>
            <AD_Reference_ID reference="id"/>
            <ColumnName/>
            <IdentifierLogic/>
            <IsIdentifier>N</IsIdentifier>
            <IsNullIdentifier>N</IsNullIdentifier>
            <WS_WebServiceFieldInput_UU>ed4f5715-69cd-477a-9257-b6a80dbaf0fb</WS_WebServiceFieldInput_UU>
            <AD_Reference_Value_ID reference="id"/>
        </WS_WebServiceFieldInput>
        <WS_WebServiceFieldInput type="table">
            <AD_Org_ID>0</AD_Org_ID>
            <WS_WebServiceType_ID reference="uuid" reference-key="WS_WebServiceType">1cee66e8-8820-4067-894f-d8bdf39af398</WS_WebServiceType_ID>
            <IsActive>Y</IsActive>
            <AD_Column_ID reference="id">62124</AD_Column_ID>
            <AD_Reference_ID reference="id"/>
            <ColumnName/>
            <IdentifierLogic/>
            <IsIdentifier>N</IsIdentifier>
            <IsNullIdentifier>N</IsNullIdentifier>
            <WS_WebServiceFieldInput_UU>e860a58d-58ab-4f08-a7a0-9861806708d4</WS_WebServiceFieldInput_UU>
            <AD_Reference_Value_ID reference="id"/>
        </WS_WebServiceFieldInput>
    </WS_WebServiceType>
    <WS_WebServiceType type="table">
        <AD_Org_ID>0</AD_Org_ID>
        <Description>Mobile</Description>
        <Help/>
        <IsActive>Y</IsActive>
        <Name>postOpp</Name>
        <Value>postOpp</Value>
        <WS_WebService_ID reference="uuid" reference-key="WS_WebService">564e6244-c006-4018-9d7f-ca1ac184de26</WS_WebService_ID>
        <WS_WebServiceMethod_ID reference="uuid" reference-key="WS_WebServiceMethod">9843a153-d348-4d17-aa57-ed82cc56ba49</WS_WebServiceMethod_ID>
        <AD_Table_ID reference="id">53337</AD_Table_ID>
        <WS_WebServiceType_UU>b3d49996-5ea4-4b3b-9af5-a2bf11e66495</WS_WebServiceType_UU>
        <InsertParameters>N</InsertParameters>
        <AD_Tab_ID reference="uuid" reference-key="AD_Tab">3fc3af01-01b6-4119-9fe9-3bb2dce43fdb</AD_Tab_ID>
        <WS_WebServiceFieldInput type="table">
            <AD_Org_ID>0</AD_Org_ID>
            <WS_WebServiceType_ID reference="uuid" reference-key="WS_WebServiceType">b3d49996-5ea4-4b3b-9af5-a2bf11e66495</WS_WebServiceType_ID>
            <IsActive>Y</IsActive>
            <AD_Column_ID reference="id">62166</AD_Column_ID>
            <AD_Reference_ID reference="id"/>
            <ColumnName/>
            <IdentifierLogic/>
            <IsIdentifier>N</IsIdentifier>
            <IsNullIdentifier>N</IsNullIdentifier>
            <WS_WebServiceFieldInput_UU>b36c1ec9-da6f-4efa-a2db-42369c68123e</WS_WebServiceFieldInput_UU>
            <AD_Reference_Value_ID reference="id"/>
        </WS_WebServiceFieldInput>
        <WS_WebServiceFieldInput type="table">
            <AD_Org_ID>0</AD_Org_ID>
            <WS_WebServiceType_ID reference="uuid" reference-key="WS_WebServiceType">b3d49996-5ea4-4b3b-9af5-a2bf11e66495</WS_WebServiceType_ID>
            <IsActive>Y</IsActive>
            <AD_Column_ID reference="id">62146</AD_Column_ID>
            <AD_Reference_ID reference="id"/>
            <ColumnName/>
            <IdentifierLogic/>
            <IsIdentifier>N</IsIdentifier>
            <IsNullIdentifier>N</IsNullIdentifier>
            <WS_WebServiceFieldInput_UU>6bbb21f1-deb7-46df-bf72-5a4d38a3aa8d</WS_WebServiceFieldInput_UU>
            <AD_Reference_Value_ID reference="id"/>
        </WS_WebServiceFieldInput>
        <WS_WebServiceFieldInput type="table">
            <AD_Org_ID>0</AD_Org_ID>
            <WS_WebServiceType_ID reference="uuid" reference-key="WS_WebServiceType">b3d49996-5ea4-4b3b-9af5-a2bf11e66495</WS_WebServiceType_ID>
            <IsActive>Y</IsActive>
            <AD_Column_ID reference="id">62137</AD_Column_ID>
            <AD_Reference_ID reference="id"/>
            <ColumnName/>
            <IdentifierLogic/>
            <IsIdentifier>N</IsIdentifier>
            <IsNullIdentifier>N</IsNullIdentifier>
            <WS_WebServiceFieldInput_UU>21556fa5-569c-4803-ba7f-f5e077945309</WS_WebServiceFieldInput_UU>
            <AD_Reference_Value_ID reference="id"/>
        </WS_WebServiceFieldInput>
        <WS_WebServiceFieldInput type="table">
            <AD_Org_ID>0</AD_Org_ID>
            <WS_WebServiceType_ID reference="uuid" reference-key="WS_WebServiceType">b3d49996-5ea4-4b3b-9af5-a2bf11e66495</WS_WebServiceType_ID>
            <IsActive>Y</IsActive>
            <AD_Column_ID reference="id">62149</AD_Column_ID>
            <AD_Reference_ID reference="id"/>
            <ColumnName/>
            <IdentifierLogic/>
            <IsIdentifier>N</IsIdentifier>
            <IsNullIdentifier>N</IsNullIdentifier>
            <WS_WebServiceFieldInput_UU>180a1411-2d10-40fa-bcab-5ed73b11c527</WS_WebServiceFieldInput_UU>
            <AD_Reference_Value_ID reference="id"/>
        </WS_WebServiceFieldInput>
        <WS_WebServiceFieldInput type="table">
            <AD_Org_ID>0</AD_Org_ID>
            <WS_WebServiceType_ID reference="uuid" reference-key="WS_WebServiceType">b3d49996-5ea4-4b3b-9af5-a2bf11e66495</WS_WebServiceType_ID>
            <IsActive>Y</IsActive>
            <AD_Column_ID reference="id">62142</AD_Column_ID>
            <AD_Reference_ID reference="id"/>
            <ColumnName/>
            <IdentifierLogic/>
            <IsIdentifier>N</IsIdentifier>
            <IsNullIdentifier>N</IsNullIdentifier>
            <WS_WebServiceFieldInput_UU>419329d1-0ef3-4e89-a38d-16c0209073b8</WS_WebServiceFieldInput_UU>
            <AD_Reference_Value_ID reference="id"/>
        </WS_WebServiceFieldInput>
        <WS_WebServiceFieldInput type="table">
            <AD_Org_ID>0</AD_Org_ID>
            <WS_WebServiceType_ID reference="uuid" reference-key="WS_WebServiceType">b3d49996-5ea4-4b3b-9af5-a2bf11e66495</WS_WebServiceType_ID>
            <IsActive>Y</IsActive>
            <AD_Column_ID reference="id">62147</AD_Column_ID>
            <AD_Reference_ID reference="id"/>
            <ColumnName/>
            <IdentifierLogic/>
            <IsIdentifier>N</IsIdentifier>
            <IsNullIdentifier>N</IsNullIdentifier>
            <WS_WebServiceFieldInput_UU>81c1f6a6-a9f2-4340-a216-32d3905ba1c9</WS_WebServiceFieldInput_UU>
            <AD_Reference_Value_ID reference="id"/>
        </WS_WebServiceFieldInput>
        <WS_WebServiceFieldInput type="table">
            <AD_Org_ID>0</AD_Org_ID>
            <WS_WebServiceType_ID reference="uuid" reference-key="WS_WebServiceType">b3d49996-5ea4-4b3b-9af5-a2bf11e66495</WS_WebServiceType_ID>
            <IsActive>Y</IsActive>
            <AD_Column_ID reference="id">62150</AD_Column_ID>
            <AD_Reference_ID reference="id"/>
            <ColumnName/>
            <IdentifierLogic/>
            <IsIdentifier>N</IsIdentifier>
            <IsNullIdentifier>N</IsNullIdentifier>
            <WS_WebServiceFieldInput_UU>19591b0d-24d7-4fce-8105-a234c51f1333</WS_WebServiceFieldInput_UU>
            <AD_Reference_Value_ID reference="id"/>
        </WS_WebServiceFieldInput>
        <WS_WebServiceFieldInput type="table">
            <AD_Org_ID>0</AD_Org_ID>
            <WS_WebServiceType_ID reference="uuid" reference-key="WS_WebServiceType">b3d49996-5ea4-4b3b-9af5-a2bf11e66495</WS_WebServiceType_ID>
            <IsActive>Y</IsActive>
            <AD_Column_ID reference="id">62148</AD_Column_ID>
            <AD_Reference_ID reference="id"/>
            <ColumnName/>
            <IdentifierLogic/>
            <IsIdentifier>N</IsIdentifier>
            <IsNullIdentifier>N</IsNullIdentifier>
            <WS_WebServiceFieldInput_UU>7e4997c8-7a18-46b3-83a2-8b837bdec16c</WS_WebServiceFieldInput_UU>
            <AD_Reference_Value_ID reference="id"/>
        </WS_WebServiceFieldInput>
        <WS_WebServiceFieldInput type="table">
            <AD_Org_ID>0</AD_Org_ID>
            <WS_WebServiceType_ID reference="uuid" reference-key="WS_WebServiceType">b3d49996-5ea4-4b3b-9af5-a2bf11e66495</WS_WebServiceType_ID>
            <IsActive>Y</IsActive>
            <AD_Column_ID reference="id">62167</AD_Column_ID>
            <AD_Reference_ID reference="id"/>
            <ColumnName/>
            <IdentifierLogic/>
            <IsIdentifier>N</IsIdentifier>
            <IsNullIdentifier>N</IsNullIdentifier>
            <WS_WebServiceFieldInput_UU>addd1f06-3e0a-4cfe-904d-2f8ac1ba09b4</WS_WebServiceFieldInput_UU>
            <AD_Reference_Value_ID reference="id"/>
        </WS_WebServiceFieldInput>
    </WS_WebServiceType>
    <WS_WebServiceType type="table">
        <AD_Org_ID>0</AD_Org_ID>
        <Description>Mobile</Description>
        <Help/>
        <IsActive>Y</IsActive>
        <Name>getLead</Name>
        <Value>getLead</Value>
        <WS_WebService_ID reference="uuid" reference-key="WS_WebService">564e6244-c006-4018-9d7f-ca1ac184de26</WS_WebService_ID>
        <WS_WebServiceMethod_ID reference="uuid" reference-key="WS_WebServiceMethod">04f3abe9-994e-4c20-9674-c2b96aff5240</WS_WebServiceMethod_ID>
        <AD_Table_ID reference="uuid" reference-key="AD_Table">5caa9547-441e-4247-8ab2-d11760f9aa83</AD_Table_ID>
        <WS_WebServiceType_UU>71b7a005-39d8-4f5b-a69a-7715e2d774b7</WS_WebServiceType_UU>
        <InsertParameters>N</InsertParameters>
        <AD_Tab_ID reference="id"/>
        <WS_WebService_Para type="table">
            <AD_Org_ID>0</AD_Org_ID>
            <WS_WebServiceType_ID reference="uuid" reference-key="WS_WebServiceType">71b7a005-39d8-4f5b-a69a-7715e2d774b7</WS_WebServiceType_ID>
            <IsActive>N</IsActive>
            <ParameterName>Filter</ParameterName>
            <ParameterType>C</ParameterType>
            <ConstantValue>leadstatus_value != 'null'</ConstantValue>
            <WS_WebService_Para_UU>6976754a-0f37-461a-b9fb-63161a50d93e</WS_WebService_Para_UU>
        </WS_WebService_Para>
        <WS_WebServiceFieldInput type="table">
            <AD_Org_ID>0</AD_Org_ID>
            <WS_WebServiceType_ID reference="uuid" reference-key="WS_WebServiceType">71b7a005-39d8-4f5b-a69a-7715e2d774b7</WS_WebServiceType_ID>
            <IsActive>Y</IsActive>
            <AD_Column_ID reference="uuid" reference-key="AD_Column">564253c5-2990-4757-aa36-d48495acd628</AD_Column_ID>
            <AD_Reference_ID reference="id"/>
            <ColumnName/>
            <IdentifierLogic/>
            <IsIdentifier>N</IsIdentifier>
            <IsNullIdentifier>N</IsNullIdentifier>
            <WS_WebServiceFieldInput_UU>a8d74d76-d156-482c-ad0e-00088ae4bac6</WS_WebServiceFieldInput_UU>
            <AD_Reference_Value_ID reference="id"/>
        </WS_WebServiceFieldInput>
        <WS_WebServiceFieldOutput type="table">
            <AD_Org_ID>0</AD_Org_ID>
            <AD_Column_ID reference="uuid" reference-key="AD_Column">7f6d82b3-ccd9-4665-a963-4a7adcd65e68</AD_Column_ID>
            <IsActive>Y</IsActive>
            <WS_WebServiceType_ID reference="uuid" reference-key="WS_WebServiceType">71b7a005-39d8-4f5b-a69a-7715e2d774b7</WS_WebServiceType_ID>
            <WS_WebServiceFieldOutput_UU>6427c64b-edeb-4f2c-aa7d-f5e6733b2ea6</WS_WebServiceFieldOutput_UU>
        </WS_WebServiceFieldOutput>
        <WS_WebServiceFieldOutput type="table">
            <AD_Org_ID>0</AD_Org_ID>
            <AD_Column_ID reference="uuid" reference-key="AD_Column">d6e77e52-900b-4740-8e08-daa3a88650d8</AD_Column_ID>
            <IsActive>Y</IsActive>
            <WS_WebServiceType_ID reference="uuid" reference-key="WS_WebServiceType">71b7a005-39d8-4f5b-a69a-7715e2d774b7</WS_WebServiceType_ID>
            <WS_WebServiceFieldOutput_UU>ab6eefb2-3432-48a6-99c7-950e064e21cf</WS_WebServiceFieldOutput_UU>
        </WS_WebServiceFieldOutput>
        <WS_WebServiceFieldOutput type="table">
            <AD_Org_ID>0</AD_Org_ID>
            <AD_Column_ID reference="uuid" reference-key="AD_Column">14dc73b9-9df2-4c0f-99a6-ed41c1a8a9a8</AD_Column_ID>
            <IsActive>Y</IsActive>
            <WS_WebServiceType_ID reference="uuid" reference-key="WS_WebServiceType">71b7a005-39d8-4f5b-a69a-7715e2d774b7</WS_WebServiceType_ID>
            <WS_WebServiceFieldOutput_UU>603be397-cb98-4fd8-b086-bdec66988325</WS_WebServiceFieldOutput_UU>
        </WS_WebServiceFieldOutput>
        <WS_WebServiceFieldOutput type="table">
            <AD_Org_ID>0</AD_Org_ID>
            <AD_Column_ID reference="uuid" reference-key="AD_Column">e10aadb1-6e70-4987-9ee7-2aaf103b839a</AD_Column_ID>
            <IsActive>Y</IsActive>
            <WS_WebServiceType_ID reference="uuid" reference-key="WS_WebServiceType">71b7a005-39d8-4f5b-a69a-7715e2d774b7</WS_WebServiceType_ID>
            <WS_WebServiceFieldOutput_UU>87aa58b9-0b43-4299-9379-ce2673047c22</WS_WebServiceFieldOutput_UU>
        </WS_WebServiceFieldOutput>
        <WS_WebServiceFieldOutput type="table">
            <AD_Org_ID>0</AD_Org_ID>
            <AD_Column_ID reference="uuid" reference-key="AD_Column">45e979b1-f6fd-41e4-9900-f1c0ec0ed68d</AD_Column_ID>
            <IsActive>Y</IsActive>
            <WS_WebServiceType_ID reference="uuid" reference-key="WS_WebServiceType">71b7a005-39d8-4f5b-a69a-7715e2d774b7</WS_WebServiceType_ID>
            <WS_WebServiceFieldOutput_UU>ce6aa400-f5b7-4265-a923-3b14b1356770</WS_WebServiceFieldOutput_UU>
        </WS_WebServiceFieldOutput>
        <WS_WebServiceFieldOutput type="table">
            <AD_Org_ID>0</AD_Org_ID>
            <AD_Column_ID reference="uuid" reference-key="AD_Column">48848b04-9cbe-412d-93ad-ec9762970a13</AD_Column_ID>
            <IsActive>Y</IsActive>
            <WS_WebServiceType_ID reference="uuid" reference-key="WS_WebServiceType">71b7a005-39d8-4f5b-a69a-7715e2d774b7</WS_WebServiceType_ID>
            <WS_WebServiceFieldOutput_UU>aaf4936c-230f-4b59-ab51-5c08b991876c</WS_WebServiceFieldOutput_UU>
        </WS_WebServiceFieldOutput>
        <WS_WebServiceFieldOutput type="table">
            <AD_Org_ID>0</AD_Org_ID>
            <AD_Column_ID reference="uuid" reference-key="AD_Column">564253c5-2990-4757-aa36-d48495acd628</AD_Column_ID>
            <IsActive>Y</IsActive>
            <WS_WebServiceType_ID reference="uuid" reference-key="WS_WebServiceType">71b7a005-39d8-4f5b-a69a-7715e2d774b7</WS_WebServiceType_ID>
            <WS_WebServiceFieldOutput_UU>a8420755-520d-427b-96b4-46b613bb767c</WS_WebServiceFieldOutput_UU>
        </WS_WebServiceFieldOutput>
        <WS_WebServiceFieldOutput type="table">
            <AD_Org_ID>0</AD_Org_ID>
            <AD_Column_ID reference="uuid" reference-key="AD_Column">53d6603b-2a86-4397-b6bd-c059b3c3eadc</AD_Column_ID>
            <IsActive>Y</IsActive>
            <WS_WebServiceType_ID reference="uuid" reference-key="WS_WebServiceType">71b7a005-39d8-4f5b-a69a-7715e2d774b7</WS_WebServiceType_ID>
            <WS_WebServiceFieldOutput_UU>d64e832d-1a27-4f11-996b-f05845a9c178</WS_WebServiceFieldOutput_UU>
        </WS_WebServiceFieldOutput>
        <WS_WebServiceFieldOutput type="table">
            <AD_Org_ID>0</AD_Org_ID>
            <AD_Column_ID reference="uuid" reference-key="AD_Column">b7010eb9-bbbc-40c2-a724-c299672cbdb2</AD_Column_ID>
            <IsActive>Y</IsActive>
            <WS_WebServiceType_ID reference="uuid" reference-key="WS_WebServiceType">71b7a005-39d8-4f5b-a69a-7715e2d774b7</WS_WebServiceType_ID>
            <WS_WebServiceFieldOutput_UU>04827216-f15d-4ad2-aa60-c7f0dca0ef37</WS_WebServiceFieldOutput_UU>
        </WS_WebServiceFieldOutput>
        <WS_WebServiceFieldOutput type="table">
            <AD_Org_ID>0</AD_Org_ID>
            <AD_Column_ID reference="uuid" reference-key="AD_Column">4d762287-14c6-4d70-950b-26d547e4f452</AD_Column_ID>
            <IsActive>Y</IsActive>
            <WS_WebServiceType_ID reference="uuid" reference-key="WS_WebServiceType">71b7a005-39d8-4f5b-a69a-7715e2d774b7</WS_WebServiceType_ID>
            <WS_WebServiceFieldOutput_UU>bfd864fa-bed6-4dac-9938-16f748bb2fb0</WS_WebServiceFieldOutput_UU>
        </WS_WebServiceFieldOutput>
    </WS_WebServiceType>
    <WS_WebServiceType type="table">
        <AD_Org_ID>0</AD_Org_ID>
        <Description>Mobile</Description>
        <Help/>
        <IsActive>Y</IsActive>
        <Name>getTask</Name>
        <Value>getTask</Value>
        <WS_WebService_ID reference="uuid" reference-key="WS_WebService">564e6244-c006-4018-9d7f-ca1ac184de26</WS_WebService_ID>
        <WS_WebServiceMethod_ID reference="uuid" reference-key="WS_WebServiceMethod">04f3abe9-994e-4c20-9674-c2b96aff5240</WS_WebServiceMethod_ID>
        <AD_Table_ID reference="uuid" reference-key="AD_Table">31c35952-f470-4f5a-aa72-5d8ad5c916e5</AD_Table_ID>
        <WS_WebServiceType_UU>439b54ef-d1b8-472b-a34e-68e94e90afe6</WS_WebServiceType_UU>
        <InsertParameters>N</InsertParameters>
        <AD_Tab_ID reference="id"/>
        <WS_WebService_Para type="table">
            <AD_Org_ID>0</AD_Org_ID>
            <WS_WebServiceType_ID reference="uuid" reference-key="WS_WebServiceType">439b54ef-d1b8-472b-a34e-68e94e90afe6</WS_WebServiceType_ID>
            <IsActive>N</IsActive>
            <ParameterName>Filter</ParameterName>
            <ParameterType>C</ParameterType>
            <ConstantValue>iscomplete != 'Y'</ConstantValue>
            <WS_WebService_Para_UU>aed9d5e1-364c-4d76-9a7c-7eb342f55723</WS_WebService_Para_UU>
        </WS_WebService_Para>
        <WS_WebServiceFieldInput type="table">
            <AD_Org_ID>0</AD_Org_ID>
            <WS_WebServiceType_ID reference="uuid" reference-key="WS_WebServiceType">439b54ef-d1b8-472b-a34e-68e94e90afe6</WS_WebServiceType_ID>
            <IsActive>Y</IsActive>
            <AD_Column_ID reference="uuid" reference-key="AD_Column">fa0c5a4a-e737-4afc-b548-cb25aa787fd3</AD_Column_ID>
            <AD_Reference_ID reference="id"/>
            <ColumnName/>
            <IdentifierLogic/>
            <IsIdentifier>N</IsIdentifier>
            <IsNullIdentifier>N</IsNullIdentifier>
            <WS_WebServiceFieldInput_UU>2e258af3-a6d9-49a3-8a5f-a7c032b54f86</WS_WebServiceFieldInput_UU>
            <AD_Reference_Value_ID reference="id"/>
        </WS_WebServiceFieldInput>
        <WS_WebServiceFieldOutput type="table">
            <AD_Org_ID>0</AD_Org_ID>
            <AD_Column_ID reference="uuid" reference-key="AD_Column">306281b7-fa08-47c3-95a3-a5012a86639c</AD_Column_ID>
            <IsActive>Y</IsActive>
            <WS_WebServiceType_ID reference="uuid" reference-key="WS_WebServiceType">439b54ef-d1b8-472b-a34e-68e94e90afe6</WS_WebServiceType_ID>
            <WS_WebServiceFieldOutput_UU>be5f74a0-8a3f-45f9-974b-9c5b088d4b9e</WS_WebServiceFieldOutput_UU>
        </WS_WebServiceFieldOutput>
        <WS_WebServiceFieldOutput type="table">
            <AD_Org_ID>0</AD_Org_ID>
            <AD_Column_ID reference="uuid" reference-key="AD_Column">f28f3572-82dc-462f-aedb-11ec2e2ff7c2</AD_Column_ID>
            <IsActive>Y</IsActive>
            <WS_WebServiceType_ID reference="uuid" reference-key="WS_WebServiceType">439b54ef-d1b8-472b-a34e-68e94e90afe6</WS_WebServiceType_ID>
            <WS_WebServiceFieldOutput_UU>0dc98fe4-f0a3-4076-9b77-2e1ab56aecdf</WS_WebServiceFieldOutput_UU>
        </WS_WebServiceFieldOutput>
        <WS_WebServiceFieldOutput type="table">
            <AD_Org_ID>0</AD_Org_ID>
            <AD_Column_ID reference="uuid" reference-key="AD_Column">a506df83-2d1e-4f36-9727-756334eb2c8f</AD_Column_ID>
            <IsActive>Y</IsActive>
            <WS_WebServiceType_ID reference="uuid" reference-key="WS_WebServiceType">439b54ef-d1b8-472b-a34e-68e94e90afe6</WS_WebServiceType_ID>
            <WS_WebServiceFieldOutput_UU>0f96e2b2-60a6-4a60-88da-e35c5ffb4433</WS_WebServiceFieldOutput_UU>
        </WS_WebServiceFieldOutput>
        <WS_WebServiceFieldOutput type="table">
            <AD_Org_ID>0</AD_Org_ID>
            <AD_Column_ID reference="uuid" reference-key="AD_Column">e54aea85-9e58-41c5-b1a7-b9e0f73583c8</AD_Column_ID>
            <IsActive>Y</IsActive>
            <WS_WebServiceType_ID reference="uuid" reference-key="WS_WebServiceType">439b54ef-d1b8-472b-a34e-68e94e90afe6</WS_WebServiceType_ID>
            <WS_WebServiceFieldOutput_UU>29796b6d-5125-468b-a289-f1cd54bdb788</WS_WebServiceFieldOutput_UU>
        </WS_WebServiceFieldOutput>
        <WS_WebServiceFieldOutput type="table">
            <AD_Org_ID>0</AD_Org_ID>
            <AD_Column_ID reference="uuid" reference-key="AD_Column">ecb285bc-b40f-46d9-a04e-7530ecb7f814</AD_Column_ID>
            <IsActive>Y</IsActive>
            <WS_WebServiceType_ID reference="uuid" reference-key="WS_WebServiceType">439b54ef-d1b8-472b-a34e-68e94e90afe6</WS_WebServiceType_ID>
            <WS_WebServiceFieldOutput_UU>a305656a-3d1c-439c-aac7-3b9c8dd91bd8</WS_WebServiceFieldOutput_UU>
        </WS_WebServiceFieldOutput>
        <WS_WebServiceFieldOutput type="table">
            <AD_Org_ID>0</AD_Org_ID>
            <AD_Column_ID reference="uuid" reference-key="AD_Column">7ae3eb9f-67ec-43f4-b54e-bb4da6654ce1</AD_Column_ID>
            <IsActive>Y</IsActive>
            <WS_WebServiceType_ID reference="uuid" reference-key="WS_WebServiceType">439b54ef-d1b8-472b-a34e-68e94e90afe6</WS_WebServiceType_ID>
            <WS_WebServiceFieldOutput_UU>38861e93-ef81-4a90-8d81-e13bb98a7ad5</WS_WebServiceFieldOutput_UU>
        </WS_WebServiceFieldOutput>
        <WS_WebServiceFieldOutput type="table">
            <AD_Org_ID>0</AD_Org_ID>
            <AD_Column_ID reference="uuid" reference-key="AD_Column">4a83fa74-41d1-4bd1-9910-96bd6ce3bbcb</AD_Column_ID>
            <IsActive>Y</IsActive>
            <WS_WebServiceType_ID reference="uuid" reference-key="WS_WebServiceType">439b54ef-d1b8-472b-a34e-68e94e90afe6</WS_WebServiceType_ID>
            <WS_WebServiceFieldOutput_UU>a688a49f-b2e9-4260-8545-1e11ea2edc8a</WS_WebServiceFieldOutput_UU>
        </WS_WebServiceFieldOutput>
        <WS_WebServiceFieldOutput type="table">
            <AD_Org_ID>0</AD_Org_ID>
            <AD_Column_ID reference="uuid" reference-key="AD_Column">50ab6a61-c107-4878-8435-aa8f0b266a53</AD_Column_ID>
            <IsActive>Y</IsActive>
            <WS_WebServiceType_ID reference="uuid" reference-key="WS_WebServiceType">439b54ef-d1b8-472b-a34e-68e94e90afe6</WS_WebServiceType_ID>
            <WS_WebServiceFieldOutput_UU>19cb0ae9-54e7-4643-9e4e-20eaaaf833c0</WS_WebServiceFieldOutput_UU>
        </WS_WebServiceFieldOutput>
    </WS_WebServiceType>
    <WS_WebServiceType type="table">
        <AD_Org_ID>0</AD_Org_ID>
        <Description>Mobile</Description>
        <Help/>
        <IsActive>Y</IsActive>
        <Name>getMaterialReceipt</Name>
        <Value>getMaterialReceipt</Value>
        <WS_WebService_ID reference="uuid" reference-key="WS_WebService">564e6244-c006-4018-9d7f-ca1ac184de26</WS_WebService_ID>
        <WS_WebServiceMethod_ID reference="uuid" reference-key="WS_WebServiceMethod">04f3abe9-994e-4c20-9674-c2b96aff5240</WS_WebServiceMethod_ID>
        <AD_Table_ID reference="id">319</AD_Table_ID>
        <WS_WebServiceType_UU>aca24468-f1ff-403d-9d03-6ddb6646597a</WS_WebServiceType_UU>
        <InsertParameters>N</InsertParameters>
        <AD_Tab_ID reference="id"/>
        <WS_WebServiceFieldOutput type="table">
            <AD_Org_ID>0</AD_Org_ID>
            <AD_Column_ID reference="id">3791</AD_Column_ID>
            <IsActive>Y</IsActive>
            <WS_WebServiceType_ID reference="uuid" reference-key="WS_WebServiceType">aca24468-f1ff-403d-9d03-6ddb6646597a</WS_WebServiceType_ID>
            <WS_WebServiceFieldOutput_UU>b6b4531d-712b-4859-a623-dd4beb6a8bff</WS_WebServiceFieldOutput_UU>
        </WS_WebServiceFieldOutput>
        <WS_WebServiceFieldOutput type="table">
            <AD_Org_ID>0</AD_Org_ID>
            <AD_Column_ID reference="id">3795</AD_Column_ID>
            <IsActive>Y</IsActive>
            <WS_WebServiceType_ID reference="uuid" reference-key="WS_WebServiceType">aca24468-f1ff-403d-9d03-6ddb6646597a</WS_WebServiceType_ID>
            <WS_WebServiceFieldOutput_UU>0d75d945-0d84-4aeb-83d3-b2efe538a9c1</WS_WebServiceFieldOutput_UU>
        </WS_WebServiceFieldOutput>
    </WS_WebServiceType>
    <WS_WebServiceType type="table">
        <AD_Org_ID>0</AD_Org_ID>
        <Description>Mobile</Description>
        <Help/>
        <IsActive>Y</IsActive>
        <Name>getMobileInvoice</Name>
        <Value>getMobileInvoice</Value>
        <WS_WebService_ID reference="uuid" reference-key="WS_WebService">564e6244-c006-4018-9d7f-ca1ac184de26</WS_WebService_ID>
        <WS_WebServiceMethod_ID reference="uuid" reference-key="WS_WebServiceMethod">04f3abe9-994e-4c20-9674-c2b96aff5240</WS_WebServiceMethod_ID>
        <AD_Table_ID reference="uuid" reference-key="AD_Table">8718aa12-87ed-425b-a0c8-dc06122a372a</AD_Table_ID>
        <WS_WebServiceType_UU>7e4abb88-67b1-4627-bb5c-be426551369f</WS_WebServiceType_UU>
        <InsertParameters>N</InsertParameters>
        <AD_Tab_ID reference="id"/>
        <WS_WebServiceFieldInput type="table">
            <AD_Org_ID>0</AD_Org_ID>
            <WS_WebServiceType_ID reference="uuid" reference-key="WS_WebServiceType">7e4abb88-67b1-4627-bb5c-be426551369f</WS_WebServiceType_ID>
            <IsActive>Y</IsActive>
            <AD_Column_ID reference="uuid" reference-key="AD_Column">4924c195-0299-442f-bddd-e0458eebe28a</AD_Column_ID>
            <AD_Reference_ID reference="id"/>
            <ColumnName/>
            <IdentifierLogic/>
            <IsIdentifier>N</IsIdentifier>
            <IsNullIdentifier>N</IsNullIdentifier>
            <WS_WebServiceFieldInput_UU>d05775e4-43b3-44d8-8c49-aab6e2c4a991</WS_WebServiceFieldInput_UU>
            <AD_Reference_Value_ID reference="id"/>
        </WS_WebServiceFieldInput>
        <WS_WebServiceFieldOutput type="table">
            <AD_Org_ID>0</AD_Org_ID>
            <AD_Column_ID reference="uuid" reference-key="AD_Column">4c6720ae-f48a-47cb-94b2-703814880e8d</AD_Column_ID>
            <IsActive>Y</IsActive>
            <WS_WebServiceType_ID reference="uuid" reference-key="WS_WebServiceType">7e4abb88-67b1-4627-bb5c-be426551369f</WS_WebServiceType_ID>
            <WS_WebServiceFieldOutput_UU>8ca163f7-7091-4bfa-912c-a0a0a76872bd</WS_WebServiceFieldOutput_UU>
        </WS_WebServiceFieldOutput>
        <WS_WebServiceFieldOutput type="table">
            <AD_Org_ID>0</AD_Org_ID>
            <AD_Column_ID reference="uuid" reference-key="AD_Column">e0e5401f-63ab-4c2a-b4a5-01f9875d4570</AD_Column_ID>
            <IsActive>Y</IsActive>
            <WS_WebServiceType_ID reference="uuid" reference-key="WS_WebServiceType">7e4abb88-67b1-4627-bb5c-be426551369f</WS_WebServiceType_ID>
            <WS_WebServiceFieldOutput_UU>6c870de6-48fc-4a5f-8fc5-3662b6e1bc82</WS_WebServiceFieldOutput_UU>
        </WS_WebServiceFieldOutput>
        <WS_WebServiceFieldOutput type="table">
            <AD_Org_ID>0</AD_Org_ID>
            <AD_Column_ID reference="uuid" reference-key="AD_Column">4924c195-0299-442f-bddd-e0458eebe28a</AD_Column_ID>
            <IsActive>Y</IsActive>
            <WS_WebServiceType_ID reference="uuid" reference-key="WS_WebServiceType">7e4abb88-67b1-4627-bb5c-be426551369f</WS_WebServiceType_ID>
            <WS_WebServiceFieldOutput_UU>7d3bf22f-5220-40d8-9158-4ce241374ff3</WS_WebServiceFieldOutput_UU>
        </WS_WebServiceFieldOutput>
        <WS_WebServiceFieldOutput type="table">
            <AD_Org_ID>0</AD_Org_ID>
            <AD_Column_ID reference="uuid" reference-key="AD_Column">4660008c-6f07-47aa-b6ac-218a074ef323</AD_Column_ID>
            <IsActive>Y</IsActive>
            <WS_WebServiceType_ID reference="uuid" reference-key="WS_WebServiceType">7e4abb88-67b1-4627-bb5c-be426551369f</WS_WebServiceType_ID>
            <WS_WebServiceFieldOutput_UU>4ba48ca8-00d1-43a6-8e05-fcf14b070da8</WS_WebServiceFieldOutput_UU>
        </WS_WebServiceFieldOutput>
        <WS_WebServiceFieldOutput type="table">
            <AD_Org_ID>0</AD_Org_ID>
            <AD_Column_ID reference="uuid" reference-key="AD_Column">62b42a7d-39a3-4ce9-92d8-2780c22bdbe0</AD_Column_ID>
            <IsActive>Y</IsActive>
            <WS_WebServiceType_ID reference="uuid" reference-key="WS_WebServiceType">7e4abb88-67b1-4627-bb5c-be426551369f</WS_WebServiceType_ID>
            <WS_WebServiceFieldOutput_UU>180ac1c3-2e50-4502-ad13-9619828ee5b3</WS_WebServiceFieldOutput_UU>
        </WS_WebServiceFieldOutput>
        <WS_WebServiceFieldOutput type="table">
            <AD_Org_ID>0</AD_Org_ID>
            <AD_Column_ID reference="uuid" reference-key="AD_Column">7e67e851-0791-45e3-bd24-9d796a6af733</AD_Column_ID>
            <IsActive>Y</IsActive>
            <WS_WebServiceType_ID reference="uuid" reference-key="WS_WebServiceType">7e4abb88-67b1-4627-bb5c-be426551369f</WS_WebServiceType_ID>
            <WS_WebServiceFieldOutput_UU>0666338f-1075-403d-9e41-fb21208d206e</WS_WebServiceFieldOutput_UU>
        </WS_WebServiceFieldOutput>
        <WS_WebServiceFieldOutput type="table">
            <AD_Org_ID>0</AD_Org_ID>
            <AD_Column_ID reference="uuid" reference-key="AD_Column">54ab328c-5af1-46bc-8b19-523295c89ebe</AD_Column_ID>
            <IsActive>Y</IsActive>
            <WS_WebServiceType_ID reference="uuid" reference-key="WS_WebServiceType">7e4abb88-67b1-4627-bb5c-be426551369f</WS_WebServiceType_ID>
            <WS_WebServiceFieldOutput_UU>8198439b-e26d-4029-9394-e8a41abeb45e</WS_WebServiceFieldOutput_UU>
        </WS_WebServiceFieldOutput>
    </WS_WebServiceType>
    <WS_WebServiceType type="table">
        <AD_Org_ID>0</AD_Org_ID>
        <Description>Mobile</Description>
        <Help/>
        <IsActive>Y</IsActive>
        <Name>getConteggioOre</Name>
        <Value>getConteggioOre</Value>
        <WS_WebService_ID reference="uuid" reference-key="WS_WebService">564e6244-c006-4018-9d7f-ca1ac184de26</WS_WebService_ID>
        <WS_WebServiceMethod_ID reference="uuid" reference-key="WS_WebServiceMethod">04f3abe9-994e-4c20-9674-c2b96aff5240</WS_WebServiceMethod_ID>
        <AD_Table_ID reference="uuid" reference-key="AD_Table">563763ac-0391-46ad-bae8-98376fc69efb</AD_Table_ID>
        <WS_WebServiceType_UU>7103745a-a5df-4704-b4a9-9b712972585b</WS_WebServiceType_UU>
        <InsertParameters>N</InsertParameters>
        <AD_Tab_ID reference="id"/>
        <WS_WebServiceFieldInput type="table">
            <AD_Org_ID>0</AD_Org_ID>
            <WS_WebServiceType_ID reference="uuid" reference-key="WS_WebServiceType">7103745a-a5df-4704-b4a9-9b712972585b</WS_WebServiceType_ID>
            <IsActive>Y</IsActive>
            <AD_Column_ID reference="uuid" reference-key="AD_Column">6df4d9b3-15b0-4a87-aaaa-320771b88f9f</AD_Column_ID>
            <AD_Reference_ID reference="id"/>
            <ColumnName/>
            <IdentifierLogic/>
            <IsIdentifier>N</IsIdentifier>
            <IsNullIdentifier>N</IsNullIdentifier>
            <WS_WebServiceFieldInput_UU>eed2667a-7e02-4a3f-bea8-5bfa3ad23443</WS_WebServiceFieldInput_UU>
            <AD_Reference_Value_ID reference="id"/>
        </WS_WebServiceFieldInput>
        <WS_WebServiceFieldOutput type="table">
            <AD_Org_ID>0</AD_Org_ID>
            <AD_Column_ID reference="uuid" reference-key="AD_Column">0c461342-ee52-4dc9-9cd7-08609a95a58a</AD_Column_ID>
            <IsActive>Y</IsActive>
            <WS_WebServiceType_ID reference="uuid" reference-key="WS_WebServiceType">7103745a-a5df-4704-b4a9-9b712972585b</WS_WebServiceType_ID>
            <WS_WebServiceFieldOutput_UU>ffd9f69b-6b0f-4c0e-968f-e8a4619efcc5</WS_WebServiceFieldOutput_UU>
        </WS_WebServiceFieldOutput>
        <WS_WebServiceFieldOutput type="table">
            <AD_Org_ID>0</AD_Org_ID>
            <AD_Column_ID reference="uuid" reference-key="AD_Column">76cebcb8-0a1a-4bcd-989d-49629886c05e</AD_Column_ID>
            <IsActive>Y</IsActive>
            <WS_WebServiceType_ID reference="uuid" reference-key="WS_WebServiceType">7103745a-a5df-4704-b4a9-9b712972585b</WS_WebServiceType_ID>
            <WS_WebServiceFieldOutput_UU>9b69afbc-815e-4596-8b01-81660f70d4ed</WS_WebServiceFieldOutput_UU>
        </WS_WebServiceFieldOutput>
        <WS_WebServiceFieldOutput type="table">
            <AD_Org_ID>0</AD_Org_ID>
            <AD_Column_ID reference="uuid" reference-key="AD_Column">903ad07e-44d1-4721-b4ed-9e4142e467d2</AD_Column_ID>
            <IsActive>Y</IsActive>
            <WS_WebServiceType_ID reference="uuid" reference-key="WS_WebServiceType">7103745a-a5df-4704-b4a9-9b712972585b</WS_WebServiceType_ID>
            <WS_WebServiceFieldOutput_UU>3f458f37-45f8-4f8d-8ed2-7c7c3e5f4423</WS_WebServiceFieldOutput_UU>
        </WS_WebServiceFieldOutput>
        <WS_WebServiceFieldOutput type="table">
            <AD_Org_ID>0</AD_Org_ID>
            <AD_Column_ID reference="uuid" reference-key="AD_Column">d4b0c9ae-9cb6-4ec2-b691-c5e116504d5b</AD_Column_ID>
            <IsActive>Y</IsActive>
            <WS_WebServiceType_ID reference="uuid" reference-key="WS_WebServiceType">7103745a-a5df-4704-b4a9-9b712972585b</WS_WebServiceType_ID>
            <WS_WebServiceFieldOutput_UU>62a14b3a-5449-4936-9a6b-2aabbf5fc147</WS_WebServiceFieldOutput_UU>
        </WS_WebServiceFieldOutput>
        <WS_WebServiceFieldOutput type="table">
            <AD_Org_ID>0</AD_Org_ID>
            <AD_Column_ID reference="uuid" reference-key="AD_Column">205e0cc0-980d-4742-89d1-f3a2ad072b19</AD_Column_ID>
            <IsActive>Y</IsActive>
            <WS_WebServiceType_ID reference="uuid" reference-key="WS_WebServiceType">7103745a-a5df-4704-b4a9-9b712972585b</WS_WebServiceType_ID>
            <WS_WebServiceFieldOutput_UU>73fef092-30ca-4264-bdaf-2fee301d93ed</WS_WebServiceFieldOutput_UU>
        </WS_WebServiceFieldOutput>
        <WS_WebServiceFieldOutput type="table">
            <AD_Org_ID>0</AD_Org_ID>
            <AD_Column_ID reference="uuid" reference-key="AD_Column">666da503-b965-4f38-b143-8de5c558a481</AD_Column_ID>
            <IsActive>Y</IsActive>
            <WS_WebServiceType_ID reference="uuid" reference-key="WS_WebServiceType">7103745a-a5df-4704-b4a9-9b712972585b</WS_WebServiceType_ID>
            <WS_WebServiceFieldOutput_UU>2b395f8f-30fb-4f32-bbca-349351a119d0</WS_WebServiceFieldOutput_UU>
        </WS_WebServiceFieldOutput>
        <WS_WebServiceFieldOutput type="table">
            <AD_Org_ID>0</AD_Org_ID>
            <AD_Column_ID reference="uuid" reference-key="AD_Column">efd24c30-ae26-4984-a53f-8b7924664aae</AD_Column_ID>
            <IsActive>Y</IsActive>
            <WS_WebServiceType_ID reference="uuid" reference-key="WS_WebServiceType">7103745a-a5df-4704-b4a9-9b712972585b</WS_WebServiceType_ID>
            <WS_WebServiceFieldOutput_UU>62834715-de87-4974-b790-2582b0c0d691</WS_WebServiceFieldOutput_UU>
        </WS_WebServiceFieldOutput>
        <WS_WebServiceFieldOutput type="table">
            <AD_Org_ID>0</AD_Org_ID>
            <AD_Column_ID reference="uuid" reference-key="AD_Column">2de92284-8854-418e-98c1-a528d00341b9</AD_Column_ID>
            <IsActive>Y</IsActive>
            <WS_WebServiceType_ID reference="uuid" reference-key="WS_WebServiceType">7103745a-a5df-4704-b4a9-9b712972585b</WS_WebServiceType_ID>
            <WS_WebServiceFieldOutput_UU>4bd894a3-8c58-4357-ae7f-01b3a236b4c5</WS_WebServiceFieldOutput_UU>
        </WS_WebServiceFieldOutput>
    </WS_WebServiceType>
    <WS_WebServiceType type="table">
        <AD_Org_ID>0</AD_Org_ID>
        <Description>Mobile</Description>
        <Help/>
        <IsActive>Y</IsActive>
        <Name>getInfoProduct</Name>
        <Value>getInfoProduct</Value>
        <WS_WebService_ID reference="uuid" reference-key="WS_WebService">564e6244-c006-4018-9d7f-ca1ac184de26</WS_WebService_ID>
        <WS_WebServiceMethod_ID reference="uuid" reference-key="WS_WebServiceMethod">04f3abe9-994e-4c20-9674-c2b96aff5240</WS_WebServiceMethod_ID>
        <AD_Table_ID reference="uuid" reference-key="AD_Table">bd2490f7-57af-4eb9-a4e2-e38eb74c15cf</AD_Table_ID>
        <WS_WebServiceType_UU>6ef5cd8f-eba5-4f3d-9aa6-24b4472fba0a</WS_WebServiceType_UU>
        <InsertParameters>N</InsertParameters>
        <AD_Tab_ID reference="id"/>
        <WS_WebServiceFieldInput type="table">
            <AD_Org_ID>0</AD_Org_ID>
            <WS_WebServiceType_ID reference="uuid" reference-key="WS_WebServiceType">6ef5cd8f-eba5-4f3d-9aa6-24b4472fba0a</WS_WebServiceType_ID>
            <IsActive>Y</IsActive>
            <AD_Column_ID reference="uuid" reference-key="AD_Column">da06e317-81ee-47ec-a44d-a70cac39f677</AD_Column_ID>
            <AD_Reference_ID reference="id"/>
            <ColumnName/>
            <IdentifierLogic/>
            <IsIdentifier>N</IsIdentifier>
            <IsNullIdentifier>N</IsNullIdentifier>
            <WS_WebServiceFieldInput_UU>f0651d20-f716-4c9d-aa8c-c4f6b417d973</WS_WebServiceFieldInput_UU>
            <AD_Reference_Value_ID reference="id"/>
        </WS_WebServiceFieldInput>
        <WS_WebServiceFieldOutput type="table">
            <AD_Org_ID>0</AD_Org_ID>
            <AD_Column_ID reference="uuid" reference-key="AD_Column">d175cada-cb53-4f91-a640-d6a8ad1ac5f9</AD_Column_ID>
            <IsActive>Y</IsActive>
            <WS_WebServiceType_ID reference="uuid" reference-key="WS_WebServiceType">6ef5cd8f-eba5-4f3d-9aa6-24b4472fba0a</WS_WebServiceType_ID>
            <WS_WebServiceFieldOutput_UU>59b18aca-986c-4b27-ba96-bf117fc4f448</WS_WebServiceFieldOutput_UU>
        </WS_WebServiceFieldOutput>
        <WS_WebServiceFieldOutput type="table">
            <AD_Org_ID>0</AD_Org_ID>
            <AD_Column_ID reference="uuid" reference-key="AD_Column">4b3ced95-474f-4b32-ad1f-638c03537fa2</AD_Column_ID>
            <IsActive>Y</IsActive>
            <WS_WebServiceType_ID reference="uuid" reference-key="WS_WebServiceType">6ef5cd8f-eba5-4f3d-9aa6-24b4472fba0a</WS_WebServiceType_ID>
            <WS_WebServiceFieldOutput_UU>5cc2ce01-d7d2-47b7-8fdb-50ecaddc9cc1</WS_WebServiceFieldOutput_UU>
        </WS_WebServiceFieldOutput>
        <WS_WebServiceFieldOutput type="table">
            <AD_Org_ID>0</AD_Org_ID>
            <AD_Column_ID reference="uuid" reference-key="AD_Column">14b1b168-40c3-4f45-9e85-62c866c3ca8a</AD_Column_ID>
            <IsActive>Y</IsActive>
            <WS_WebServiceType_ID reference="uuid" reference-key="WS_WebServiceType">6ef5cd8f-eba5-4f3d-9aa6-24b4472fba0a</WS_WebServiceType_ID>
            <WS_WebServiceFieldOutput_UU>185c12ff-21d7-4434-b7fd-7f16d83efca2</WS_WebServiceFieldOutput_UU>
        </WS_WebServiceFieldOutput>
        <WS_WebServiceFieldOutput type="table">
            <AD_Org_ID>0</AD_Org_ID>
            <AD_Column_ID reference="uuid" reference-key="AD_Column">28068c18-f7ee-4635-8a22-9b6153baa461</AD_Column_ID>
            <IsActive>Y</IsActive>
            <WS_WebServiceType_ID reference="uuid" reference-key="WS_WebServiceType">6ef5cd8f-eba5-4f3d-9aa6-24b4472fba0a</WS_WebServiceType_ID>
            <WS_WebServiceFieldOutput_UU>f7855b95-4718-429e-85d1-390f95100766</WS_WebServiceFieldOutput_UU>
        </WS_WebServiceFieldOutput>
        <WS_WebServiceFieldOutput type="table">
            <AD_Org_ID>0</AD_Org_ID>
            <AD_Column_ID reference="uuid" reference-key="AD_Column">c1acf9ea-a071-479a-acf4-c6bc33f0ef41</AD_Column_ID>
            <IsActive>Y</IsActive>
            <WS_WebServiceType_ID reference="uuid" reference-key="WS_WebServiceType">6ef5cd8f-eba5-4f3d-9aa6-24b4472fba0a</WS_WebServiceType_ID>
            <WS_WebServiceFieldOutput_UU>cda1f5ea-21d7-47c7-815b-39ac2c491daa</WS_WebServiceFieldOutput_UU>
        </WS_WebServiceFieldOutput>
        <WS_WebServiceFieldOutput type="table">
            <AD_Org_ID>0</AD_Org_ID>
            <AD_Column_ID reference="uuid" reference-key="AD_Column">da06e317-81ee-47ec-a44d-a70cac39f677</AD_Column_ID>
            <IsActive>Y</IsActive>
            <WS_WebServiceType_ID reference="uuid" reference-key="WS_WebServiceType">6ef5cd8f-eba5-4f3d-9aa6-24b4472fba0a</WS_WebServiceType_ID>
            <WS_WebServiceFieldOutput_UU>f008d267-3e95-41cf-8289-243e862b90df</WS_WebServiceFieldOutput_UU>
        </WS_WebServiceFieldOutput>
        <WS_WebServiceFieldOutput type="table">
            <AD_Org_ID>0</AD_Org_ID>
            <AD_Column_ID reference="uuid" reference-key="AD_Column">e618099c-bf75-480b-9e4f-874cfa2d6a1a</AD_Column_ID>
            <IsActive>Y</IsActive>
            <WS_WebServiceType_ID reference="uuid" reference-key="WS_WebServiceType">6ef5cd8f-eba5-4f3d-9aa6-24b4472fba0a</WS_WebServiceType_ID>
            <WS_WebServiceFieldOutput_UU>26a0a335-edd5-40ed-a81b-0c1421c88563</WS_WebServiceFieldOutput_UU>
        </WS_WebServiceFieldOutput>
    </WS_WebServiceType>
    <WS_WebServiceType type="table">
        <AD_Org_ID>0</AD_Org_ID>
        <Description>Mobile</Description>
        <Help/>
        <IsActive>Y</IsActive>
        <Name>getDetailsDist</Name>
        <Value>getDetailsDist</Value>
        <WS_WebService_ID reference="uuid" reference-key="WS_WebService">564e6244-c006-4018-9d7f-ca1ac184de26</WS_WebService_ID>
        <WS_WebServiceMethod_ID reference="uuid" reference-key="WS_WebServiceMethod">04f3abe9-994e-4c20-9674-c2b96aff5240</WS_WebServiceMethod_ID>
        <AD_Table_ID reference="uuid" reference-key="AD_Table">bc841c3a-39d0-4aa1-8318-126534257f02</AD_Table_ID>
        <WS_WebServiceType_UU>fccf24e1-0887-44ff-b1d3-694ff3ba6aa0</WS_WebServiceType_UU>
        <InsertParameters>N</InsertParameters>
        <AD_Tab_ID reference="id"/>
        <WS_WebServiceFieldInput type="table">
            <AD_Org_ID>0</AD_Org_ID>
            <WS_WebServiceType_ID reference="uuid" reference-key="WS_WebServiceType">fccf24e1-0887-44ff-b1d3-694ff3ba6aa0</WS_WebServiceType_ID>
            <IsActive>Y</IsActive>
            <AD_Column_ID reference="uuid" reference-key="AD_Column">c60cfb26-2b9d-4b27-8169-6fd9dfa37c63</AD_Column_ID>
            <AD_Reference_ID reference="id"/>
            <ColumnName/>
            <IdentifierLogic/>
            <IsIdentifier>N</IsIdentifier>
            <IsNullIdentifier>N</IsNullIdentifier>
            <WS_WebServiceFieldInput_UU>f6c0f186-0543-4605-91b5-47a8b7aa94c8</WS_WebServiceFieldInput_UU>
            <AD_Reference_Value_ID reference="id"/>
        </WS_WebServiceFieldInput>
        <WS_WebServiceFieldOutput type="table">
            <AD_Org_ID>0</AD_Org_ID>
            <AD_Column_ID reference="uuid" reference-key="AD_Column">58569961-854e-4542-8a44-bc7715ee4075</AD_Column_ID>
            <IsActive>Y</IsActive>
            <WS_WebServiceType_ID reference="uuid" reference-key="WS_WebServiceType">fccf24e1-0887-44ff-b1d3-694ff3ba6aa0</WS_WebServiceType_ID>
            <WS_WebServiceFieldOutput_UU>ccc396ea-308a-405a-9dd8-2dbf2529586f</WS_WebServiceFieldOutput_UU>
        </WS_WebServiceFieldOutput>
        <WS_WebServiceFieldOutput type="table">
            <AD_Org_ID>0</AD_Org_ID>
            <AD_Column_ID reference="uuid" reference-key="AD_Column">e3a3feae-59a3-4a19-bfaf-9ca8d086f4d0</AD_Column_ID>
            <IsActive>Y</IsActive>
            <WS_WebServiceType_ID reference="uuid" reference-key="WS_WebServiceType">fccf24e1-0887-44ff-b1d3-694ff3ba6aa0</WS_WebServiceType_ID>
            <WS_WebServiceFieldOutput_UU>c67d05bd-c83f-4cd4-9c83-f14a6fb4b1c7</WS_WebServiceFieldOutput_UU>
        </WS_WebServiceFieldOutput>
        <WS_WebServiceFieldOutput type="table">
            <AD_Org_ID>0</AD_Org_ID>
            <AD_Column_ID reference="uuid" reference-key="AD_Column">99689939-69bb-4322-9396-8990464b26e1</AD_Column_ID>
            <IsActive>Y</IsActive>
            <WS_WebServiceType_ID reference="uuid" reference-key="WS_WebServiceType">fccf24e1-0887-44ff-b1d3-694ff3ba6aa0</WS_WebServiceType_ID>
            <WS_WebServiceFieldOutput_UU>a8319ec2-628f-459b-a240-7afbb62dbc26</WS_WebServiceFieldOutput_UU>
        </WS_WebServiceFieldOutput>
        <WS_WebServiceFieldOutput type="table">
            <AD_Org_ID>0</AD_Org_ID>
            <AD_Column_ID reference="uuid" reference-key="AD_Column">a3a9a915-d6fc-4863-a4cb-8b30df1b5180</AD_Column_ID>
            <IsActive>Y</IsActive>
            <WS_WebServiceType_ID reference="uuid" reference-key="WS_WebServiceType">fccf24e1-0887-44ff-b1d3-694ff3ba6aa0</WS_WebServiceType_ID>
            <WS_WebServiceFieldOutput_UU>fa0c3504-902f-4672-a951-001af24a7445</WS_WebServiceFieldOutput_UU>
        </WS_WebServiceFieldOutput>
        <WS_WebServiceFieldOutput type="table">
            <AD_Org_ID>0</AD_Org_ID>
            <AD_Column_ID reference="uuid" reference-key="AD_Column">5a23777d-42bb-4847-889d-ac5c04efd25a</AD_Column_ID>
            <IsActive>Y</IsActive>
            <WS_WebServiceType_ID reference="uuid" reference-key="WS_WebServiceType">fccf24e1-0887-44ff-b1d3-694ff3ba6aa0</WS_WebServiceType_ID>
            <WS_WebServiceFieldOutput_UU>902eda17-75e7-4d58-bde0-db520f58278d</WS_WebServiceFieldOutput_UU>
        </WS_WebServiceFieldOutput>
        <WS_WebServiceFieldOutput type="table">
            <AD_Org_ID>0</AD_Org_ID>
            <AD_Column_ID reference="uuid" reference-key="AD_Column">6d294377-1bb5-43ff-823d-c8d2c10f481d</AD_Column_ID>
            <IsActive>Y</IsActive>
            <WS_WebServiceType_ID reference="uuid" reference-key="WS_WebServiceType">fccf24e1-0887-44ff-b1d3-694ff3ba6aa0</WS_WebServiceType_ID>
            <WS_WebServiceFieldOutput_UU>73250eff-7fb6-4c89-89d3-37cfd90c551d</WS_WebServiceFieldOutput_UU>
        </WS_WebServiceFieldOutput>
        <WS_WebServiceFieldOutput type="table">
            <AD_Org_ID>0</AD_Org_ID>
            <AD_Column_ID reference="uuid" reference-key="AD_Column">a71905b6-bc7f-4ce0-92bc-331277a86bd9</AD_Column_ID>
            <IsActive>Y</IsActive>
            <WS_WebServiceType_ID reference="uuid" reference-key="WS_WebServiceType">fccf24e1-0887-44ff-b1d3-694ff3ba6aa0</WS_WebServiceType_ID>
            <WS_WebServiceFieldOutput_UU>b93f751a-131b-4e5c-8423-9b947b7f8d10</WS_WebServiceFieldOutput_UU>
        </WS_WebServiceFieldOutput>
        <WS_WebServiceFieldOutput type="table">
            <AD_Org_ID>0</AD_Org_ID>
            <AD_Column_ID reference="uuid" reference-key="AD_Column">3258590a-dcc0-43ad-976d-157c73110a78</AD_Column_ID>
            <IsActive>Y</IsActive>
            <WS_WebServiceType_ID reference="uuid" reference-key="WS_WebServiceType">fccf24e1-0887-44ff-b1d3-694ff3ba6aa0</WS_WebServiceType_ID>
            <WS_WebServiceFieldOutput_UU>c5102fa4-902c-43a8-b2ef-6e3ca98952b7</WS_WebServiceFieldOutput_UU>
        </WS_WebServiceFieldOutput>
    </WS_WebServiceType>
    <WS_WebServiceType type="table">
        <AD_Org_ID>0</AD_Org_ID>
        <Description>Mobile</Description>
        <Help/>
        <IsActive>Y</IsActive>
        <Name>getDist</Name>
        <Value>getDist</Value>
        <WS_WebService_ID reference="uuid" reference-key="WS_WebService">564e6244-c006-4018-9d7f-ca1ac184de26</WS_WebService_ID>
        <WS_WebServiceMethod_ID reference="uuid" reference-key="WS_WebServiceMethod">04f3abe9-994e-4c20-9674-c2b96aff5240</WS_WebServiceMethod_ID>
        <AD_Table_ID reference="uuid" reference-key="AD_Table">15e066b8-47d5-4e41-aa6d-244e17789d87</AD_Table_ID>
        <WS_WebServiceType_UU>66a7d62b-df55-480c-8ae7-56ca2894797b</WS_WebServiceType_UU>
        <InsertParameters>N</InsertParameters>
        <AD_Tab_ID reference="id"/>
        <WS_WebService_Para type="table">
            <AD_Org_ID>0</AD_Org_ID>
            <WS_WebServiceType_ID reference="uuid" reference-key="WS_WebServiceType">66a7d62b-df55-480c-8ae7-56ca2894797b</WS_WebServiceType_ID>
            <IsActive>Y</IsActive>
            <ParameterName>Filter</ParameterName>
            <ParameterType>C</ParameterType>
            <ConstantValue>MovementQty!=0</ConstantValue>
            <WS_WebService_Para_UU>49794dd0-54f5-4401-9b3f-414d9882a3af</WS_WebService_Para_UU>
        </WS_WebService_Para>
        <WS_WebServiceFieldInput type="table">
            <AD_Org_ID>0</AD_Org_ID>
            <WS_WebServiceType_ID reference="uuid" reference-key="WS_WebServiceType">66a7d62b-df55-480c-8ae7-56ca2894797b</WS_WebServiceType_ID>
            <IsActive>Y</IsActive>
            <AD_Column_ID reference="uuid" reference-key="AD_Column">3b25e684-113a-4dd8-88ca-62158674411c</AD_Column_ID>
            <AD_Reference_ID reference="id"/>
            <ColumnName/>
            <IdentifierLogic/>
            <IsIdentifier>N</IsIdentifier>
            <IsNullIdentifier>N</IsNullIdentifier>
            <WS_WebServiceFieldInput_UU>51fe5dbc-45a3-452b-a9a4-01af31cb6449</WS_WebServiceFieldInput_UU>
            <AD_Reference_Value_ID reference="id"/>
        </WS_WebServiceFieldInput>
        <WS_WebServiceFieldOutput type="table">
            <AD_Org_ID>0</AD_Org_ID>
            <AD_Column_ID reference="uuid" reference-key="AD_Column">3b25e684-113a-4dd8-88ca-62158674411c</AD_Column_ID>
            <IsActive>Y</IsActive>
            <WS_WebServiceType_ID reference="uuid" reference-key="WS_WebServiceType">66a7d62b-df55-480c-8ae7-56ca2894797b</WS_WebServiceType_ID>
            <WS_WebServiceFieldOutput_UU>d3dded15-914f-4d02-a7e4-dad4671c16af</WS_WebServiceFieldOutput_UU>
        </WS_WebServiceFieldOutput>
        <WS_WebServiceFieldOutput type="table">
            <AD_Org_ID>0</AD_Org_ID>
            <AD_Column_ID reference="uuid" reference-key="AD_Column">a3b9b45e-89c1-4284-94a2-b82e497e5d56</AD_Column_ID>
            <IsActive>Y</IsActive>
            <WS_WebServiceType_ID reference="uuid" reference-key="WS_WebServiceType">66a7d62b-df55-480c-8ae7-56ca2894797b</WS_WebServiceType_ID>
            <WS_WebServiceFieldOutput_UU>b7fdffd9-7231-43e3-b734-bc348e272899</WS_WebServiceFieldOutput_UU>
        </WS_WebServiceFieldOutput>
        <WS_WebServiceFieldOutput type="table">
            <AD_Org_ID>0</AD_Org_ID>
            <AD_Column_ID reference="uuid" reference-key="AD_Column">e581c1de-9d44-4326-9a79-d8f0cedb5a64</AD_Column_ID>
            <IsActive>Y</IsActive>
            <WS_WebServiceType_ID reference="uuid" reference-key="WS_WebServiceType">66a7d62b-df55-480c-8ae7-56ca2894797b</WS_WebServiceType_ID>
            <WS_WebServiceFieldOutput_UU>53a68848-912b-4ac3-900f-5a3e8773978b</WS_WebServiceFieldOutput_UU>
        </WS_WebServiceFieldOutput>
        <WS_WebServiceFieldOutput type="table">
            <AD_Org_ID>0</AD_Org_ID>
            <AD_Column_ID reference="uuid" reference-key="AD_Column">a8c2d306-33dc-4d48-a5cd-ddafcb6d4777</AD_Column_ID>
            <IsActive>Y</IsActive>
            <WS_WebServiceType_ID reference="uuid" reference-key="WS_WebServiceType">66a7d62b-df55-480c-8ae7-56ca2894797b</WS_WebServiceType_ID>
            <WS_WebServiceFieldOutput_UU>8b6c1869-b976-4ce5-b0ff-f087669c7a22</WS_WebServiceFieldOutput_UU>
        </WS_WebServiceFieldOutput>
        <WS_WebServiceFieldOutput type="table">
            <AD_Org_ID>0</AD_Org_ID>
            <AD_Column_ID reference="uuid" reference-key="AD_Column">d909f69c-c3ec-40ac-b71c-00951d866907</AD_Column_ID>
            <IsActive>Y</IsActive>
            <WS_WebServiceType_ID reference="uuid" reference-key="WS_WebServiceType">66a7d62b-df55-480c-8ae7-56ca2894797b</WS_WebServiceType_ID>
            <WS_WebServiceFieldOutput_UU>0392affc-67c9-4d8c-aa83-512510ae786a</WS_WebServiceFieldOutput_UU>
        </WS_WebServiceFieldOutput>
        <WS_WebServiceFieldOutput type="table">
            <AD_Org_ID>0</AD_Org_ID>
            <AD_Column_ID reference="uuid" reference-key="AD_Column">8a1fbf5b-6f05-4a36-a0eb-3619c3e2a8b3</AD_Column_ID>
            <IsActive>Y</IsActive>
            <WS_WebServiceType_ID reference="uuid" reference-key="WS_WebServiceType">66a7d62b-df55-480c-8ae7-56ca2894797b</WS_WebServiceType_ID>
            <WS_WebServiceFieldOutput_UU>2fee2447-fbd3-4284-ac25-12a34367b1ea</WS_WebServiceFieldOutput_UU>
        </WS_WebServiceFieldOutput>
    </WS_WebServiceType>
    <WS_WebServiceType type="table">
        <AD_Org_ID>0</AD_Org_ID>
        <Description>Mobile</Description>
        <Help/>
        <IsActive>Y</IsActive>
        <Name>getOpportunity</Name>
        <Value>getOpportunity</Value>
        <WS_WebService_ID reference="uuid" reference-key="WS_WebService">564e6244-c006-4018-9d7f-ca1ac184de26</WS_WebService_ID>
        <WS_WebServiceMethod_ID reference="uuid" reference-key="WS_WebServiceMethod">04f3abe9-994e-4c20-9674-c2b96aff5240</WS_WebServiceMethod_ID>
        <AD_Table_ID reference="id">53337</AD_Table_ID>
        <WS_WebServiceType_UU>f009a586-933e-4b44-8d6b-009c099af89a</WS_WebServiceType_UU>
        <InsertParameters>N</InsertParameters>
        <AD_Tab_ID reference="uuid" reference-key="AD_Tab">3fc3af01-01b6-4119-9fe9-3bb2dce43fdb</AD_Tab_ID>
        <WS_WebServiceFieldOutput type="table">
            <AD_Org_ID>0</AD_Org_ID>
            <AD_Column_ID reference="id">62137</AD_Column_ID>
            <IsActive>Y</IsActive>
            <WS_WebServiceType_ID reference="uuid" reference-key="WS_WebServiceType">f009a586-933e-4b44-8d6b-009c099af89a</WS_WebServiceType_ID>
            <WS_WebServiceFieldOutput_UU>c4f6b3c0-ac5b-48d0-b62e-5e4bde08cd43</WS_WebServiceFieldOutput_UU>
        </WS_WebServiceFieldOutput>
        <WS_WebServiceFieldOutput type="table">
            <AD_Org_ID>0</AD_Org_ID>
            <AD_Column_ID reference="id">62149</AD_Column_ID>
            <IsActive>Y</IsActive>
            <WS_WebServiceType_ID reference="uuid" reference-key="WS_WebServiceType">f009a586-933e-4b44-8d6b-009c099af89a</WS_WebServiceType_ID>
            <WS_WebServiceFieldOutput_UU>5a33073c-0b55-41c3-8189-3267f4c15943</WS_WebServiceFieldOutput_UU>
        </WS_WebServiceFieldOutput>
    </WS_WebServiceType>
    <WS_WebServiceType type="table">
        <AD_Org_ID>0</AD_Org_ID>
        <Description>Mobile</Description>
        <Help/>
        <IsActive>Y</IsActive>
        <Name>getCOrder</Name>
        <Value>getCOrder</Value>
        <WS_WebService_ID reference="uuid" reference-key="WS_WebService">564e6244-c006-4018-9d7f-ca1ac184de26</WS_WebService_ID>
        <WS_WebServiceMethod_ID reference="uuid" reference-key="WS_WebServiceMethod">04f3abe9-994e-4c20-9674-c2b96aff5240</WS_WebServiceMethod_ID>
        <AD_Table_ID reference="uuid" reference-key="AD_Table">1acd1863-f0ff-4a2b-8ff6-1d93164c6ca6</AD_Table_ID>
        <WS_WebServiceType_UU>88357fec-765f-4fc4-a8db-58639a7e6919</WS_WebServiceType_UU>
        <InsertParameters>N</InsertParameters>
        <AD_Tab_ID reference="id"/>
        <WS_WebServiceFieldOutput type="table">
            <AD_Org_ID>0</AD_Org_ID>
            <AD_Column_ID reference="uuid" reference-key="AD_Column">2bc4ae90-97fe-4e15-8db4-469ff558f4a0</AD_Column_ID>
            <IsActive>Y</IsActive>
            <WS_WebServiceType_ID reference="uuid" reference-key="WS_WebServiceType">88357fec-765f-4fc4-a8db-58639a7e6919</WS_WebServiceType_ID>
            <WS_WebServiceFieldOutput_UU>cbc2640c-1e8f-46ef-af17-ba023996d199</WS_WebServiceFieldOutput_UU>
        </WS_WebServiceFieldOutput>
        <WS_WebServiceFieldOutput type="table">
            <AD_Org_ID>0</AD_Org_ID>
            <AD_Column_ID reference="uuid" reference-key="AD_Column">e723ecab-987e-4d65-8574-725d13f4d1d2</AD_Column_ID>
            <IsActive>Y</IsActive>
            <WS_WebServiceType_ID reference="uuid" reference-key="WS_WebServiceType">88357fec-765f-4fc4-a8db-58639a7e6919</WS_WebServiceType_ID>
            <WS_WebServiceFieldOutput_UU>4872dd9d-6b3b-403d-813b-e6529cfa1f87</WS_WebServiceFieldOutput_UU>
        </WS_WebServiceFieldOutput>
        <WS_WebServiceFieldOutput type="table">
            <AD_Org_ID>0</AD_Org_ID>
            <AD_Column_ID reference="uuid" reference-key="AD_Column">46270289-3748-441b-b673-f16455c00c29</AD_Column_ID>
            <IsActive>Y</IsActive>
            <WS_WebServiceType_ID reference="uuid" reference-key="WS_WebServiceType">88357fec-765f-4fc4-a8db-58639a7e6919</WS_WebServiceType_ID>
            <WS_WebServiceFieldOutput_UU>ae5011f5-88a0-4419-9aa8-af02957991a4</WS_WebServiceFieldOutput_UU>
        </WS_WebServiceFieldOutput>
        <WS_WebServiceFieldOutput type="table">
            <AD_Org_ID>0</AD_Org_ID>
            <AD_Column_ID reference="uuid" reference-key="AD_Column">8133e16b-8eda-4dca-9098-379210dbb352</AD_Column_ID>
            <IsActive>Y</IsActive>
            <WS_WebServiceType_ID reference="uuid" reference-key="WS_WebServiceType">88357fec-765f-4fc4-a8db-58639a7e6919</WS_WebServiceType_ID>
            <WS_WebServiceFieldOutput_UU>1fe5daa1-76f5-4aa2-bbd0-92893b73a209</WS_WebServiceFieldOutput_UU>
        </WS_WebServiceFieldOutput>
        <WS_WebServiceFieldOutput type="table">
            <AD_Org_ID>0</AD_Org_ID>
            <AD_Column_ID reference="uuid" reference-key="AD_Column">20b1eeb8-701a-43c3-8811-bcd5e407b12d</AD_Column_ID>
            <IsActive>Y</IsActive>
            <WS_WebServiceType_ID reference="uuid" reference-key="WS_WebServiceType">88357fec-765f-4fc4-a8db-58639a7e6919</WS_WebServiceType_ID>
            <WS_WebServiceFieldOutput_UU>af36a774-bedd-4a87-858d-fdf9f7140973</WS_WebServiceFieldOutput_UU>
        </WS_WebServiceFieldOutput>
    </WS_WebServiceType>
    <WS_WebServiceType type="table">
        <AD_Org_ID>0</AD_Org_ID>
        <Description>Mobile</Description>
        <Help/>
        <IsActive>Y</IsActive>
        <Name>putConteggioOreComplete</Name>
        <Value>putConteggioOreComplete</Value>
        <WS_WebService_ID reference="uuid" reference-key="WS_WebService">564e6244-c006-4018-9d7f-ca1ac184de26</WS_WebService_ID>
        <WS_WebServiceMethod_ID reference="uuid" reference-key="WS_WebServiceMethod">db5d1417-be81-47a7-a096-2812733cedaa</WS_WebServiceMethod_ID>
        <AD_Table_ID reference="uuid" reference-key="AD_Table">92293aa1-ed43-4ff1-adce-44721243a96f</AD_Table_ID>
        <WS_WebServiceType_UU>6c6c0117-cdbe-4283-888b-924462913d63</WS_WebServiceType_UU>
        <InsertParameters>N</InsertParameters>
        <AD_Tab_ID reference="uuid" reference-key="AD_Tab">2eabf529-4d7e-4e33-abad-b4d72a2e3dc9</AD_Tab_ID>
        <WS_WebServiceFieldInput type="table">
            <AD_Org_ID>0</AD_Org_ID>
            <WS_WebServiceType_ID reference="uuid" reference-key="WS_WebServiceType">6c6c0117-cdbe-4283-888b-924462913d63</WS_WebServiceType_ID>
            <IsActive>Y</IsActive>
            <AD_Column_ID reference="uuid" reference-key="AD_Column">f503ddf0-2c7f-4a4c-a309-dc1d0f46d16b</AD_Column_ID>
            <AD_Reference_ID reference="id"/>
            <ColumnName/>
            <IdentifierLogic/>
            <IsIdentifier>N</IsIdentifier>
            <IsNullIdentifier>N</IsNullIdentifier>
            <WS_WebServiceFieldInput_UU>ca8fb638-f17a-4f8d-aa0a-c01f1238a55b</WS_WebServiceFieldInput_UU>
            <AD_Reference_Value_ID reference="id"/>
        </WS_WebServiceFieldInput>
        <WS_WebServiceFieldInput type="table">
            <AD_Org_ID>0</AD_Org_ID>
            <WS_WebServiceType_ID reference="uuid" reference-key="WS_WebServiceType">6c6c0117-cdbe-4283-888b-924462913d63</WS_WebServiceType_ID>
            <IsActive>Y</IsActive>
            <AD_Column_ID reference="uuid" reference-key="AD_Column">dbd10b37-2dc7-419f-89b6-af293b09efce</AD_Column_ID>
            <AD_Reference_ID reference="id"/>
            <ColumnName/>
            <IdentifierLogic/>
            <IsIdentifier>N</IsIdentifier>
            <IsNullIdentifier>N</IsNullIdentifier>
            <WS_WebServiceFieldInput_UU>409fc8c6-5988-4197-9343-c3325c7dbe07</WS_WebServiceFieldInput_UU>
            <AD_Reference_Value_ID reference="id"/>
        </WS_WebServiceFieldInput>
    </WS_WebServiceType>
    <WS_WebServiceType type="table">
        <AD_Org_ID>0</AD_Org_ID>
        <Description>Mobile</Description>
        <Help/>
        <IsActive>Y</IsActive>
        <Name>putModificaConteggioOre</Name>
        <Value>putModificaConteggioOre</Value>
        <WS_WebService_ID reference="uuid" reference-key="WS_WebService">564e6244-c006-4018-9d7f-ca1ac184de26</WS_WebService_ID>
        <WS_WebServiceMethod_ID reference="uuid" reference-key="WS_WebServiceMethod">db5d1417-be81-47a7-a096-2812733cedaa</WS_WebServiceMethod_ID>
        <AD_Table_ID reference="uuid" reference-key="AD_Table">92293aa1-ed43-4ff1-adce-44721243a96f</AD_Table_ID>
        <WS_WebServiceType_UU>1ddb4c7b-85dc-4691-a6eb-5fb26a237114</WS_WebServiceType_UU>
        <InsertParameters>N</InsertParameters>
        <AD_Tab_ID reference="uuid" reference-key="AD_Tab">2eabf529-4d7e-4e33-abad-b4d72a2e3dc9</AD_Tab_ID>
        <WS_WebServiceFieldInput type="table">
            <AD_Org_ID>0</AD_Org_ID>
            <WS_WebServiceType_ID reference="uuid" reference-key="WS_WebServiceType">1ddb4c7b-85dc-4691-a6eb-5fb26a237114</WS_WebServiceType_ID>
            <IsActive>Y</IsActive>
            <AD_Column_ID reference="uuid" reference-key="AD_Column">f503ddf0-2c7f-4a4c-a309-dc1d0f46d16b</AD_Column_ID>
            <AD_Reference_ID reference="id"/>
            <ColumnName/>
            <IdentifierLogic/>
            <IsIdentifier>N</IsIdentifier>
            <IsNullIdentifier>N</IsNullIdentifier>
            <WS_WebServiceFieldInput_UU>f20dc468-e3b8-4075-97f6-684f59f9c444</WS_WebServiceFieldInput_UU>
            <AD_Reference_Value_ID reference="id"/>
        </WS_WebServiceFieldInput>
        <WS_WebServiceFieldInput type="table">
            <AD_Org_ID>0</AD_Org_ID>
            <WS_WebServiceType_ID reference="uuid" reference-key="WS_WebServiceType">1ddb4c7b-85dc-4691-a6eb-5fb26a237114</WS_WebServiceType_ID>
            <IsActive>Y</IsActive>
            <AD_Column_ID reference="uuid" reference-key="AD_Column">688b8b54-504b-474f-af2c-c2223206ed1b</AD_Column_ID>
            <AD_Reference_ID reference="id"/>
            <ColumnName/>
            <IdentifierLogic/>
            <IsIdentifier>N</IsIdentifier>
            <IsNullIdentifier>N</IsNullIdentifier>
            <WS_WebServiceFieldInput_UU>f3494ff9-0222-4169-bc4f-3410f0bcaf94</WS_WebServiceFieldInput_UU>
            <AD_Reference_Value_ID reference="id"/>
        </WS_WebServiceFieldInput>
        <WS_WebServiceFieldInput type="table">
            <AD_Org_ID>0</AD_Org_ID>
            <WS_WebServiceType_ID reference="uuid" reference-key="WS_WebServiceType">1ddb4c7b-85dc-4691-a6eb-5fb26a237114</WS_WebServiceType_ID>
            <IsActive>Y</IsActive>
            <AD_Column_ID reference="uuid" reference-key="AD_Column">cec98473-11e9-483d-a846-81d796ee50c8</AD_Column_ID>
            <AD_Reference_ID reference="id"/>
            <ColumnName/>
            <IdentifierLogic/>
            <IsIdentifier>N</IsIdentifier>
            <IsNullIdentifier>N</IsNullIdentifier>
            <WS_WebServiceFieldInput_UU>d3fc5645-66b3-47ab-8e3c-95cb275eec46</WS_WebServiceFieldInput_UU>
            <AD_Reference_Value_ID reference="id"/>
        </WS_WebServiceFieldInput>
        <WS_WebServiceFieldInput type="table">
            <AD_Org_ID>0</AD_Org_ID>
            <WS_WebServiceType_ID reference="uuid" reference-key="WS_WebServiceType">1ddb4c7b-85dc-4691-a6eb-5fb26a237114</WS_WebServiceType_ID>
            <IsActive>Y</IsActive>
            <AD_Column_ID reference="uuid" reference-key="AD_Column">2d71a48c-1f6a-4672-b322-393eec327a37</AD_Column_ID>
            <AD_Reference_ID reference="id"/>
            <ColumnName/>
            <IdentifierLogic/>
            <IsIdentifier>N</IsIdentifier>
            <IsNullIdentifier>N</IsNullIdentifier>
            <WS_WebServiceFieldInput_UU>f4c9a61b-101a-42c8-bcae-4cf6fbeae247</WS_WebServiceFieldInput_UU>
            <AD_Reference_Value_ID reference="id"/>
        </WS_WebServiceFieldInput>
    </WS_WebServiceType>
    <WS_WebServiceType type="table">
        <AD_Org_ID>0</AD_Org_ID>
        <Description>Mobile</Description>
        <Help/>
        <IsActive>Y</IsActive>
        <Name>getFatturaAQ</Name>
        <Value>getFatturaAQ</Value>
        <WS_WebService_ID reference="uuid" reference-key="WS_WebService">564e6244-c006-4018-9d7f-ca1ac184de26</WS_WebService_ID>
        <WS_WebServiceMethod_ID reference="uuid" reference-key="WS_WebServiceMethod">04f3abe9-994e-4c20-9674-c2b96aff5240</WS_WebServiceMethod_ID>
        <AD_Table_ID reference="uuid" reference-key="AD_Table">1a246441-a9a0-4e39-a2ae-66df099b4763</AD_Table_ID>
        <WS_WebServiceType_UU>14cd29e9-fc68-45ef-8f8f-1aa983f5379b</WS_WebServiceType_UU>
        <InsertParameters>N</InsertParameters>
        <AD_Tab_ID reference="id"/>
        <WS_WebServiceFieldInput type="table">
            <AD_Org_ID>0</AD_Org_ID>
            <WS_WebServiceType_ID reference="uuid" reference-key="WS_WebServiceType">14cd29e9-fc68-45ef-8f8f-1aa983f5379b</WS_WebServiceType_ID>
            <IsActive>Y</IsActive>
            <AD_Column_ID reference="uuid" reference-key="AD_Column">69ba67bb-ff39-41fe-8e13-8831bd100770</AD_Column_ID>
            <AD_Reference_ID reference="id"/>
            <ColumnName/>
            <IdentifierLogic/>
            <IsIdentifier>N</IsIdentifier>
            <IsNullIdentifier>N</IsNullIdentifier>
            <WS_WebServiceFieldInput_UU>b1442ec7-231f-49d2-bc06-9cc6ab0c23df</WS_WebServiceFieldInput_UU>
            <AD_Reference_Value_ID reference="id"/>
        </WS_WebServiceFieldInput>
        <WS_WebServiceFieldOutput type="table">
            <AD_Org_ID>0</AD_Org_ID>
            <AD_Column_ID reference="uuid" reference-key="AD_Column">19896ecd-21c6-4f99-ae9d-c74c7a4cc8e0</AD_Column_ID>
            <IsActive>Y</IsActive>
            <WS_WebServiceType_ID reference="uuid" reference-key="WS_WebServiceType">14cd29e9-fc68-45ef-8f8f-1aa983f5379b</WS_WebServiceType_ID>
            <WS_WebServiceFieldOutput_UU>8d1a3ff2-61ce-4b68-a89b-3591e6ff9f0f</WS_WebServiceFieldOutput_UU>
        </WS_WebServiceFieldOutput>
        <WS_WebServiceFieldOutput type="table">
            <AD_Org_ID>0</AD_Org_ID>
            <AD_Column_ID reference="uuid" reference-key="AD_Column">028fdd8a-b11a-4e22-a545-a8c4d3afac6d</AD_Column_ID>
            <IsActive>Y</IsActive>
            <WS_WebServiceType_ID reference="uuid" reference-key="WS_WebServiceType">14cd29e9-fc68-45ef-8f8f-1aa983f5379b</WS_WebServiceType_ID>
            <WS_WebServiceFieldOutput_UU>5a62ae33-e22f-404e-a2f1-5a4720334631</WS_WebServiceFieldOutput_UU>
        </WS_WebServiceFieldOutput>
        <WS_WebServiceFieldOutput type="table">
            <AD_Org_ID>0</AD_Org_ID>
            <AD_Column_ID reference="uuid" reference-key="AD_Column">0379d8de-9611-46a7-be2e-8af3b5e09ed8</AD_Column_ID>
            <IsActive>Y</IsActive>
            <WS_WebServiceType_ID reference="uuid" reference-key="WS_WebServiceType">14cd29e9-fc68-45ef-8f8f-1aa983f5379b</WS_WebServiceType_ID>
            <WS_WebServiceFieldOutput_UU>f41176c9-dff3-4887-99a0-db7f2a5b9df9</WS_WebServiceFieldOutput_UU>
        </WS_WebServiceFieldOutput>
        <WS_WebServiceFieldOutput type="table">
            <AD_Org_ID>0</AD_Org_ID>
            <AD_Column_ID reference="uuid" reference-key="AD_Column">e17453c1-1d93-4349-97ac-96a14aa6b083</AD_Column_ID>
            <IsActive>Y</IsActive>
            <WS_WebServiceType_ID reference="uuid" reference-key="WS_WebServiceType">14cd29e9-fc68-45ef-8f8f-1aa983f5379b</WS_WebServiceType_ID>
            <WS_WebServiceFieldOutput_UU>99c4ad4f-fdc4-4d95-a87f-85bf926e1c83</WS_WebServiceFieldOutput_UU>
        </WS_WebServiceFieldOutput>
        <WS_WebServiceFieldOutput type="table">
            <AD_Org_ID>0</AD_Org_ID>
            <AD_Column_ID reference="uuid" reference-key="AD_Column">9547ff87-940d-4f41-a857-21ae75ef7332</AD_Column_ID>
            <IsActive>Y</IsActive>
            <WS_WebServiceType_ID reference="uuid" reference-key="WS_WebServiceType">14cd29e9-fc68-45ef-8f8f-1aa983f5379b</WS_WebServiceType_ID>
            <WS_WebServiceFieldOutput_UU>3d3453c0-7dc0-49cd-83e0-8e11e0034f46</WS_WebServiceFieldOutput_UU>
        </WS_WebServiceFieldOutput>
        <WS_WebServiceFieldOutput type="table">
            <AD_Org_ID>0</AD_Org_ID>
            <AD_Column_ID reference="uuid" reference-key="AD_Column">106c02c8-a835-4856-bc6e-67056baca3b7</AD_Column_ID>
            <IsActive>Y</IsActive>
            <WS_WebServiceType_ID reference="uuid" reference-key="WS_WebServiceType">14cd29e9-fc68-45ef-8f8f-1aa983f5379b</WS_WebServiceType_ID>
            <WS_WebServiceFieldOutput_UU>44de8a5a-349a-42bd-9bae-1f0bd08a0eb4</WS_WebServiceFieldOutput_UU>
        </WS_WebServiceFieldOutput>
        <WS_WebServiceFieldOutput type="table">
            <AD_Org_ID>0</AD_Org_ID>
            <AD_Column_ID reference="uuid" reference-key="AD_Column">f06cbb9a-4af4-4d31-89d3-54a7efed1e58</AD_Column_ID>
            <IsActive>Y</IsActive>
            <WS_WebServiceType_ID reference="uuid" reference-key="WS_WebServiceType">14cd29e9-fc68-45ef-8f8f-1aa983f5379b</WS_WebServiceType_ID>
            <WS_WebServiceFieldOutput_UU>f094b4ba-d0de-44af-a5cb-cd3c9f2fa59f</WS_WebServiceFieldOutput_UU>
        </WS_WebServiceFieldOutput>
        <WS_WebServiceFieldOutput type="table">
            <AD_Org_ID>0</AD_Org_ID>
            <AD_Column_ID reference="uuid" reference-key="AD_Column">a1992f53-baf5-41c7-a884-23a0c1630599</AD_Column_ID>
            <IsActive>Y</IsActive>
            <WS_WebServiceType_ID reference="uuid" reference-key="WS_WebServiceType">14cd29e9-fc68-45ef-8f8f-1aa983f5379b</WS_WebServiceType_ID>
            <WS_WebServiceFieldOutput_UU>ebead496-f0f4-4515-9072-b0ef5c532d3c</WS_WebServiceFieldOutput_UU>
        </WS_WebServiceFieldOutput>
        <WS_WebServiceFieldOutput type="table">
            <AD_Org_ID>0</AD_Org_ID>
            <AD_Column_ID reference="uuid" reference-key="AD_Column">51f19faf-61d7-4407-8984-997702a0e7e4</AD_Column_ID>
            <IsActive>Y</IsActive>
            <WS_WebServiceType_ID reference="uuid" reference-key="WS_WebServiceType">14cd29e9-fc68-45ef-8f8f-1aa983f5379b</WS_WebServiceType_ID>
            <WS_WebServiceFieldOutput_UU>42aed120-dc53-43c0-bba1-281843eb16b9</WS_WebServiceFieldOutput_UU>
        </WS_WebServiceFieldOutput>
        <WS_WebServiceFieldOutput type="table">
            <AD_Org_ID>0</AD_Org_ID>
            <AD_Column_ID reference="uuid" reference-key="AD_Column">621ff6aa-f65b-426e-9827-62a2514f6542</AD_Column_ID>
            <IsActive>Y</IsActive>
            <WS_WebServiceType_ID reference="uuid" reference-key="WS_WebServiceType">14cd29e9-fc68-45ef-8f8f-1aa983f5379b</WS_WebServiceType_ID>
            <WS_WebServiceFieldOutput_UU>9f8ef3ff-0ba9-498d-b399-ecc30d32e14a</WS_WebServiceFieldOutput_UU>
        </WS_WebServiceFieldOutput>
        <WS_WebServiceFieldOutput type="table">
            <AD_Org_ID>0</AD_Org_ID>
            <AD_Column_ID reference="uuid" reference-key="AD_Column">e81565e8-c8e3-47e1-90a0-e2302cf8f345</AD_Column_ID>
            <IsActive>Y</IsActive>
            <WS_WebServiceType_ID reference="uuid" reference-key="WS_WebServiceType">14cd29e9-fc68-45ef-8f8f-1aa983f5379b</WS_WebServiceType_ID>
            <WS_WebServiceFieldOutput_UU>016d1348-db90-46ab-afe1-0b996d4ba945</WS_WebServiceFieldOutput_UU>
        </WS_WebServiceFieldOutput>
        <WS_WebServiceFieldOutput type="table">
            <AD_Org_ID>0</AD_Org_ID>
            <AD_Column_ID reference="uuid" reference-key="AD_Column">994adf94-8443-411e-b457-8da0c2420b29</AD_Column_ID>
            <IsActive>Y</IsActive>
            <WS_WebServiceType_ID reference="uuid" reference-key="WS_WebServiceType">14cd29e9-fc68-45ef-8f8f-1aa983f5379b</WS_WebServiceType_ID>
            <WS_WebServiceFieldOutput_UU>404baf49-baad-45bc-8240-658118c05f63</WS_WebServiceFieldOutput_UU>
        </WS_WebServiceFieldOutput>
    </WS_WebServiceType>
    <WS_WebServiceType type="table">
        <AD_Org_ID>0</AD_Org_ID>
        <Description>Mobile</Description>
        <Help/>
        <IsActive>Y</IsActive>
        <Name>putHour</Name>
        <Value>putHour</Value>
        <WS_WebService_ID reference="uuid" reference-key="WS_WebService">564e6244-c006-4018-9d7f-ca1ac184de26</WS_WebService_ID>
        <WS_WebServiceMethod_ID reference="uuid" reference-key="WS_WebServiceMethod">db5d1417-be81-47a7-a096-2812733cedaa</WS_WebServiceMethod_ID>
        <AD_Table_ID reference="uuid" reference-key="AD_Table">92293aa1-ed43-4ff1-adce-44721243a96f</AD_Table_ID>
        <WS_WebServiceType_UU>c3fc72f7-1fa1-47f9-9ed7-b1f72071fd73</WS_WebServiceType_UU>
        <InsertParameters>N</InsertParameters>
        <AD_Tab_ID reference="uuid" reference-key="AD_Tab">7a7042f8-3e38-411a-ad4a-28b52af46235</AD_Tab_ID>
    </WS_WebServiceType>
</idempiere>
