<?xml version="1.0" encoding="UTF-8"?><idempiere Name="WS_WebService" Version="1.0.0" idempiereVersion="7.1.0.qualifier" DataBaseVersion="2019-11-22" Description="" Author="SuperUser" AuthorEmail="superuser @ idempiere.com" CreatedDate="Fri Aug 07 17:25:48 CEST 2020" UpdatedDate="Fri Aug 07 17:25:48 CEST 2020" PackOutVersion="100" UpdateDictionary="true" Client="0-SYSTEM-System" AD_Client_UU="11237b53-9592-4af1-b3c5-afd216514b5d">
    <WS_WebService type="table">
        <AD_Client_ID>0</AD_Client_ID>
        <AD_Org_ID>0</AD_Org_ID>
        <Description/>
        <Help/>
        <IsActive>Y</IsActive>
        <Name>REST Api</Name>
        <Value>RESTapi</Value>
        <WS_WebService_UU>564e6244-c006-4018-9d7f-ca1ac184de26</WS_WebService_UU>
        <WS_WebServiceMethod type="table">
            <AD_Client_ID>0</AD_Client_ID>
            <AD_Org_ID>0</AD_Org_ID>
            <Description/>
            <Help/>
            <IsActive>Y</IsActive>
            <Name>GET</Name>
            <Value>GET</Value>
            <WS_WebService_ID reference="uuid" reference-key="WS_WebService">564e6244-c006-4018-9d7f-ca1ac184de26</WS_WebService_ID>
            <WS_WebServiceMethod_UU>04f3abe9-994e-4c20-9674-c2b96aff5240</WS_WebServiceMethod_UU>
        </WS_WebServiceMethod>
        <WS_WebServiceMethod type="table">
            <AD_Client_ID>0</AD_Client_ID>
            <AD_Org_ID>0</AD_Org_ID>
            <Description/>
            <Help/>
            <IsActive>Y</IsActive>
            <Name>POST</Name>
            <Value>POST</Value>
            <WS_WebService_ID reference="uuid" reference-key="WS_WebService">564e6244-c006-4018-9d7f-ca1ac184de26</WS_WebService_ID>
            <WS_WebServiceMethod_UU>9843a153-d348-4d17-aa57-ed82cc56ba49</WS_WebServiceMethod_UU>
        </WS_WebServiceMethod>
        <WS_WebServiceMethod type="table">
            <AD_Client_ID>0</AD_Client_ID>
            <AD_Org_ID>0</AD_Org_ID>
            <Description/>
            <Help/>
            <IsActive>Y</IsActive>
            <Name>PUT</Name>
            <Value>PUT</Value>
            <WS_WebService_ID reference="uuid" reference-key="WS_WebService">564e6244-c006-4018-9d7f-ca1ac184de26</WS_WebService_ID>
            <WS_WebServiceMethod_UU>db5d1417-be81-47a7-a096-2812733cedaa</WS_WebServiceMethod_UU>
        </WS_WebServiceMethod>
        <WS_WebServiceMethod type="table">
            <AD_Client_ID>0</AD_Client_ID>
            <AD_Org_ID>0</AD_Org_ID>
            <Description/>
            <Help/>
            <IsActive>Y</IsActive>
            <Name>DELETE</Name>
            <Value>DELETE</Value>
            <WS_WebService_ID reference="uuid" reference-key="WS_WebService">564e6244-c006-4018-9d7f-ca1ac184de26</WS_WebService_ID>
            <WS_WebServiceMethod_UU>3bda2085-8a31-4968-a3a3-9167543feb1f</WS_WebServiceMethod_UU>
        </WS_WebServiceMethod>
    </WS_WebService>
</idempiere>
