<?xml version="1.0" encoding="UTF-8"?><?xml-stylesheet type="text/css" href="idempiereDocument.css"?><idempiereDocument>
    <header>WS_WebServiceType Package Description</header>
    <H1>Package Name:</H1>
    <packagename>WS_WebServiceType</packagename>
    <H1>Author:</H1>
    <Name:>SuperUser</Name:>
    <H1>Email Address:</H1>
    <Email>superuser @ idempiere.com</Email>
    <H1>Created:</H1>
    <Date>Thu Feb 04 14:33:30 CET 2021</Date>
    <H1>Updated:</H1>
    <Date>Thu Feb 04 14:33:30 CET 2021</Date>
    <H1>Description:</H1>
    <description/>
    <H1>Instructions:</H1>
    <instructions/>
    <H1>Files in Package:</H1>
    <file>File: PackOut.xml</file>
    <filedirectory>Directory: \dict\</filedirectory>
    <filenotes>Notes: Contains all application/object settings for package</filenotes>
    <H1>Client:</H1>
    <Client>1000006-iDempiere Consulting-iDempiere Consulting</Client>
</idempiereDocument>
